bioma,estado,mes_nome,mes_numero,ano,area_queimada_ha
Amazônia,Acre,Abril,4,2019,524.3489332275395
Amazônia,Acre,Abril,4,2020,684.4135020690926
Amazônia,Acre,Abril,4,2021,596.9921656738277
Amazônia,Acre,Abril,4,2022,616.7554994812008
Amazônia,Acre,Abril,4,2023,497.9813428710938
Amazônia,Acre,Agosto,8,2019,47650.12643051753
Amazônia,Acre,Agosto,8,2020,40381.79863636487
Amazônia,Acre,Agosto,8,2021,30866.541041375727
Amazônia,Acre,Agosto,8,2022,26466.947967480413
Amazônia,Acre,Agosto,8,2023,18738.02414702151
Amazônia,Acre,Dezembro,12,2019,599.9520384765626
Amazônia,Acre,Dezembro,12,2020,3401.3848011291443
Amazônia,Acre,Dezembro,12,2021,334.8088236083983
Amazônia,Acre,Dezembro,12,2022,9534.731012139913
Amazônia,Acre,Dezembro,12,2023,1376.3171795349128
Amazônia,Acre,Fevereiro,2,2019,399.522047045899
Amazônia,Acre,Fevereiro,2,2020,207.33024650268524
Amazônia,Acre,Fevereiro,2,2021,69.72984030761721
Amazônia,Acre,Fevereiro,2,2022,483.2413777587895
Amazônia,Acre,Fevereiro,2,2023,112.8285851806641
Amazônia,Acre,Janeiro,1,2019,731.9237199584949
Amazônia,Acre,Janeiro,1,2020,736.6041051025395
Amazônia,Acre,Janeiro,1,2021,1977.3205322876001
Amazônia,Acre,Janeiro,1,2022,1242.2306789978031
Amazônia,Acre,Janeiro,1,2023,1265.1046671020483
Amazônia,Acre,Julho,7,2019,2562.4536898010283
Amazônia,Acre,Julho,7,2020,3797.278460656738
Amazônia,Acre,Julho,7,2021,9922.113731256108
Amazônia,Acre,Julho,7,2022,10359.667225988765
Amazônia,Acre,Julho,7,2023,5776.532383660879
Amazônia,Acre,Junho,6,2019,2688.214475701901
Amazônia,Acre,Junho,6,2020,2642.8496889953576
Amazônia,Acre,Junho,6,2021,889.9150937072754
Amazônia,Acre,Junho,6,2022,4470.289398358158
Amazônia,Acre,Junho,6,2023,1842.613163879393
Amazônia,Acre,Maio,5,2019,1499.488613177491
Amazônia,Acre,Maio,5,2020,1062.6106845092775
Amazônia,Acre,Maio,5,2021,1159.7327098632811
Amazônia,Acre,Maio,5,2022,1966.0855008728013
Amazônia,Acre,Maio,5,2023,300.72949033813507
Amazônia,Acre,Março,3,2019,413.5411990173333
Amazônia,Acre,Março,3,2020,626.0980754333493
Amazônia,Acre,Março,3,2021,142.15674008178706
Amazônia,Acre,Março,3,2022,515.2895478149417
Amazônia,Acre,Março,3,2023,490.9738213684077
Amazônia,Acre,Novembro,11,2019,2233.5391247436564
Amazônia,Acre,Novembro,11,2020,2511.126074816893
Amazônia,Acre,Novembro,11,2021,7937.570763085944
Amazônia,Acre,Novembro,11,2022,62831.90503390508
Amazônia,Acre,Novembro,11,2023,18639.253839642348
Amazônia,Acre,Outubro,10,2019,13869.063580352851
Amazônia,Acre,Outubro,10,2020,57525.99995644545
Amazônia,Acre,Outubro,10,2021,66463.12994367647
Amazônia,Acre,Outubro,10,2022,133082.2744099979
Amazônia,Acre,Outubro,10,2023,43328.227643713435
Amazônia,Acre,Setembro,9,2019,121593.5627440425
Amazônia,Acre,Setembro,9,2020,88561.28109859016
Amazônia,Acre,Setembro,9,2021,126747.60558419203
Amazônia,Acre,Setembro,9,2022,146507.58692859422
Amazônia,Acre,Setembro,9,2023,55642.711697583036
Amazônia,Amapá,Abril,4,2019,467.9617429443355
Amazônia,Amapá,Abril,4,2020,151.88210015258758
Amazônia,Amapá,Abril,4,2021,370.106860406494
Amazônia,Amapá,Abril,4,2022,2.6816747192382797
Amazônia,Amapá,Abril,4,2023,531.4398518310536
Amazônia,Amapá,Agosto,8,2019,3077.9256227050737
Amazônia,Amapá,Agosto,8,2020,5144.148967895532
Amazônia,Amapá,Agosto,8,2021,1438.9441414489759
Amazônia,Amapá,Agosto,8,2022,4879.9479250671375
Amazônia,Amapá,Agosto,8,2023,5902.44275513916
Amazônia,Amapá,Dezembro,12,2019,30614.631264544678
Amazônia,Amapá,Dezembro,12,2020,8717.00058149414
Amazônia,Amapá,Dezembro,12,2021,1561.9716598266584
Amazônia,Amapá,Dezembro,12,2022,7550.759136059588
Amazônia,Amapá,Dezembro,12,2023,63300.98157245494
Amazônia,Amapá,Fevereiro,2,2021,0.4465309814453127
Amazônia,Amapá,Fevereiro,2,2022,574.8955412841793
Amazônia,Amapá,Fevereiro,2,2023,128.09622651367184
Amazônia,Amapá,Janeiro,1,2019,121.21195084228512
Amazônia,Amapá,Janeiro,1,2020,3091.7696109741237
Amazônia,Amapá,Janeiro,1,2021,615.6508682312008
Amazônia,Amapá,Janeiro,1,2022,826.3587439453116
Amazônia,Amapá,Janeiro,1,2023,1270.2662419616706
Amazônia,Amapá,Julho,7,2019,14.997873028564449
Amazônia,Amapá,Julho,7,2020,1893.2918734313987
Amazônia,Amapá,Julho,7,2021,1469.374143029787
Amazônia,Amapá,Julho,7,2022,785.4995136901863
Amazônia,Amapá,Julho,7,2023,1488.3225751403813
Amazônia,Amapá,Junho,6,2019,3717.3725690551737
Amazônia,Amapá,Junho,6,2020,289.4578194152831
Amazônia,Amapá,Junho,6,2021,2176.6656676818857
Amazônia,Amapá,Junho,6,2022,945.5824710327146
Amazônia,Amapá,Junho,6,2023,2108.158867114258
Amazônia,Amapá,Maio,5,2019,129.8736510192871
Amazônia,Amapá,Maio,5,2020,522.4389922607422
Amazônia,Amapá,Maio,5,2021,1270.9588297241198
Amazônia,Amapá,Maio,5,2022,836.9370640930177
Amazônia,Amapá,Maio,5,2023,206.61730202026365
Amazônia,Amapá,Março,3,2019,161.57336013183598
Amazônia,Amapá,Março,3,2020,1475.531081152344
Amazônia,Amapá,Março,3,2022,30.165558465576126
Amazônia,Amapá,Março,3,2023,76.61213804931629
Amazônia,Amapá,Novembro,11,2019,42751.09817402974
Amazônia,Amapá,Novembro,11,2020,11560.128892889341
Amazônia,Amapá,Novembro,11,2021,32096.053713525478
Amazônia,Amapá,Novembro,11,2022,24876.21116174914
Amazônia,Amapá,Novembro,11,2023,96999.15953748715
Amazônia,Amapá,Outubro,10,2019,121357.20774833405
Amazônia,Amapá,Outubro,10,2020,130525.25892813758
Amazônia,Amapá,Outubro,10,2021,93825.76658449101
Amazônia,Amapá,Outubro,10,2022,126348.31373603099
Amazônia,Amapá,Outubro,10,2023,190645.07982643513
Amazônia,Amapá,Setembro,9,2019,40195.04824253554
Amazônia,Amapá,Setembro,9,2020,21235.461277294886
Amazônia,Amapá,Setembro,9,2021,23242.11536972667
Amazônia,Amapá,Setembro,9,2022,30506.59399091778
Amazônia,Amapá,Setembro,9,2023,78087.80439820027
Amazônia,Amazonas,Abril,4,2019,3929.7647549133253
Amazônia,Amazonas,Abril,4,2020,3108.2898326049744
Amazônia,Amazonas,Abril,4,2021,7472.005299584965
Amazônia,Amazonas,Abril,4,2022,4034.384274645996
Amazônia,Amazonas,Abril,4,2023,12880.286249603274
Amazônia,Amazonas,Agosto,8,2019,212932.76372896726
Amazônia,Amazonas,Agosto,8,2020,122740.5520861568
Amazônia,Amazonas,Agosto,8,2021,165401.05302881903
Amazônia,Amazonas,Agosto,8,2022,111590.47989467137
Amazônia,Amazonas,Agosto,8,2023,97779.74298208658
Amazônia,Amazonas,Dezembro,12,2019,10100.858305755608
Amazônia,Amazonas,Dezembro,12,2020,15926.795724804791
Amazônia,Amazonas,Dezembro,12,2021,681.4065124694823
Amazônia,Amazonas,Dezembro,12,2022,29133.742186688167
Amazônia,Amazonas,Dezembro,12,2023,68899.76642839353
Amazônia,Amazonas,Fevereiro,2,2019,1153.277925183106
Amazônia,Amazonas,Fevereiro,2,2020,5252.590587518278
Amazônia,Amazonas,Fevereiro,2,2021,13757.969984875495
Amazônia,Amazonas,Fevereiro,2,2022,5159.718947576905
Amazônia,Amazonas,Fevereiro,2,2023,20491.086062615712
Amazônia,Amazonas,Janeiro,1,2019,9743.246830084221
Amazônia,Amazonas,Janeiro,1,2020,27076.567467981175
Amazônia,Amazonas,Janeiro,1,2021,10402.118813726805
Amazônia,Amazonas,Janeiro,1,2022,27527.9399312622
Amazônia,Amazonas,Janeiro,1,2023,7421.864369775395
Amazônia,Amazonas,Julho,7,2019,21649.89295883789
Amazônia,Amazonas,Julho,7,2020,23620.080484649683
Amazônia,Amazonas,Julho,7,2021,22434.958011785766
Amazônia,Amazonas,Julho,7,2022,29411.66108660282
Amazônia,Amazonas,Julho,7,2023,38818.2003015685
Amazônia,Amazonas,Junho,6,2019,11225.12792904051
Amazônia,Amazonas,Junho,6,2020,8992.763568804952
Amazônia,Amazonas,Junho,6,2021,8561.34189295045
Amazônia,Amazonas,Junho,6,2022,15889.371413024845
Amazônia,Amazonas,Junho,6,2023,19627.567800982622
Amazônia,Amazonas,Maio,5,2019,6768.030587066639
Amazônia,Amazonas,Maio,5,2020,3616.492408453372
Amazônia,Amazonas,Maio,5,2021,5715.084565399159
Amazônia,Amazonas,Maio,5,2022,10341.8281008606
Amazônia,Amazonas,Maio,5,2023,13219.323380352798
Amazônia,Amazonas,Março,3,2019,8541.305703082266
Amazônia,Amazonas,Março,3,2020,5238.147288842785
Amazônia,Amazonas,Março,3,2021,3888.5142066711396
Amazônia,Amazonas,Março,3,2022,4170.075442700255
Amazônia,Amazonas,Março,3,2023,9956.92431071774
Amazônia,Amazonas,Novembro,11,2019,31404.66156966555
Amazônia,Amazonas,Novembro,11,2020,6585.0752299621645
Amazônia,Amazonas,Novembro,11,2021,18254.9632197693
Amazônia,Amazonas,Novembro,11,2022,160861.03461509864
Amazônia,Amazonas,Novembro,11,2023,117666.66135900884
Amazônia,Amazonas,Outubro,10,2019,51377.38185358864
Amazônia,Amazonas,Outubro,10,2020,179166.12765697166
Amazônia,Amazonas,Outubro,10,2021,163144.0309134889
Amazônia,Amazonas,Outubro,10,2022,193600.32331127828
Amazônia,Amazonas,Outubro,10,2023,301406.86660392914
Amazônia,Amazonas,Setembro,9,2019,279634.1997608528
Amazônia,Amazonas,Setembro,9,2020,262136.76841829816
Amazônia,Amazonas,Setembro,9,2021,257900.83637078851
Amazônia,Amazonas,Setembro,9,2022,394386.1237551668
Amazônia,Amazonas,Setembro,9,2023,292708.3699032583
Amazônia,Maranhão,Abril,4,2019,2228.196799322507
Amazônia,Maranhão,Abril,4,2020,1103.8899458801277
Amazônia,Maranhão,Abril,4,2021,873.6646959289552
Amazônia,Maranhão,Abril,4,2022,1119.7988778442375
Amazônia,Maranhão,Abril,4,2023,2982.286811779784
Amazônia,Maranhão,Agosto,8,2019,40997.22748387438
Amazônia,Maranhão,Agosto,8,2020,26764.161506927398
Amazônia,Maranhão,Agosto,8,2021,11454.06996308595
Amazônia,Maranhão,Agosto,8,2022,32181.727215154842
Amazônia,Maranhão,Agosto,8,2023,17916.24484415283
Amazônia,Maranhão,Dezembro,12,2019,123546.08929482981
Amazônia,Maranhão,Dezembro,12,2020,20540.093904608144
Amazônia,Maranhão,Dezembro,12,2021,22278.69957304701
Amazônia,Maranhão,Dezembro,12,2022,102312.4348491756
Amazônia,Maranhão,Dezembro,12,2023,85300.15437150271
Amazônia,Maranhão,Fevereiro,2,2019,1840.7626138488754
Amazônia,Maranhão,Fevereiro,2,2020,7182.5352725463845
Amazônia,Maranhão,Fevereiro,2,2021,1130.564589056396
Amazônia,Maranhão,Fevereiro,2,2022,6089.691475988773
Amazônia,Maranhão,Fevereiro,2,2023,1016.8925419311521
Amazônia,Maranhão,Janeiro,1,2019,28830.494091314573
Amazônia,Maranhão,Janeiro,1,2020,5182.645890942386
Amazônia,Maranhão,Janeiro,1,2021,13244.528142163053
Amazônia,Maranhão,Janeiro,1,2022,7277.724498266579
Amazônia,Maranhão,Janeiro,1,2023,11907.267429803433
Amazônia,Maranhão,Julho,7,2019,19111.73074208988
Amazônia,Maranhão,Julho,7,2020,6102.941675604248
Amazônia,Maranhão,Julho,7,2021,13846.399147265663
Amazônia,Maranhão,Julho,7,2022,20124.094213140957
Amazônia,Maranhão,Julho,7,2023,6214.683797180175
Amazônia,Maranhão,Junho,6,2019,8198.114565606684
Amazônia,Maranhão,Junho,6,2020,7413.602679101572
Amazônia,Maranhão,Junho,6,2021,876.8489213195797
Amazônia,Maranhão,Junho,6,2022,18409.89085871592
Amazônia,Maranhão,Junho,6,2023,4642.937012713625
Amazônia,Maranhão,Maio,5,2019,6618.923574627673
Amazônia,Maranhão,Maio,5,2020,1730.5033601135265
Amazônia,Maranhão,Maio,5,2021,808.5627835693348
Amazônia,Maranhão,Maio,5,2022,3507.693459387207
Amazônia,Maranhão,Maio,5,2023,3086.6269474975566
Amazônia,Maranhão,Março,3,2019,780.5464593322762
Amazônia,Maranhão,Março,3,2020,376.55843386230504
Amazônia,Maranhão,Março,3,2021,1526.483004260257
Amazônia,Maranhão,Março,3,2022,356.90186367187516
Amazônia,Maranhão,Março,3,2023,1527.079797521973
Amazônia,Maranhão,Novembro,11,2019,61200.98190240436
Amazônia,Maranhão,Novembro,11,2020,36968.31910791629
Amazônia,Maranhão,Novembro,11,2021,26767.959761724986
Amazônia,Maranhão,Novembro,11,2022,106672.27101465424
Amazônia,Maranhão,Novembro,11,2023,440985.4293209273
Amazônia,Maranhão,Outubro,10,2019,24489.289695544554
Amazônia,Maranhão,Outubro,10,2020,123350.41069681387
Amazônia,Maranhão,Outubro,10,2021,5349.937267346195
Amazônia,Maranhão,Outubro,10,2022,66623.16944442122
Amazônia,Maranhão,Outubro,10,2023,129319.06056382362
Amazônia,Maranhão,Setembro,9,2019,24344.212980346638
Amazônia,Maranhão,Setembro,9,2020,38118.22125869744
Amazônia,Maranhão,Setembro,9,2021,17688.32374231549
Amazônia,Maranhão,Setembro,9,2022,14903.934670465113
Amazônia,Maranhão,Setembro,9,2023,67041.23767316909
Amazônia,Mato Grosso,Abril,4,2019,8110.988466076658
Amazônia,Mato Grosso,Abril,4,2020,15260.233410168436
Amazônia,Mato Grosso,Abril,4,2021,26466.133088024624
Amazônia,Mato Grosso,Abril,4,2022,15504.884993163996
Amazônia,Mato Grosso,Abril,4,2023,11058.935906762668
Amazônia,Mato Grosso,Agosto,8,2019,199990.65739636958
Amazônia,Mato Grosso,Agosto,8,2020,118497.22560054343
Amazônia,Mato Grosso,Agosto,8,2021,142078.8821356269
Amazônia,Mato Grosso,Agosto,8,2022,123482.55478189717
Amazônia,Mato Grosso,Agosto,8,2023,99715.08837747795
Amazônia,Mato Grosso,Dezembro,12,2019,32596.738166778443
Amazônia,Mato Grosso,Dezembro,12,2020,117042.19193167628
Amazônia,Mato Grosso,Dezembro,12,2021,4953.687614935299
Amazônia,Mato Grosso,Dezembro,12,2022,12010.606279968324
Amazônia,Mato Grosso,Dezembro,12,2023,33790.23775375348
Amazônia,Mato Grosso,Fevereiro,2,2019,8124.372954626448
Amazônia,Mato Grosso,Fevereiro,2,2020,39566.542574170126
Amazônia,Mato Grosso,Fevereiro,2,2021,17544.08735958866
Amazônia,Mato Grosso,Fevereiro,2,2022,8791.969335400367
Amazônia,Mato Grosso,Fevereiro,2,2023,64973.563917810076
Amazônia,Mato Grosso,Janeiro,1,2019,33471.95242258282
Amazônia,Mato Grosso,Janeiro,1,2020,14849.087189208916
Amazônia,Mato Grosso,Janeiro,1,2021,36774.21186146229
Amazônia,Mato Grosso,Janeiro,1,2022,53874.89720677467
Amazônia,Mato Grosso,Janeiro,1,2023,39778.60106657709
Amazônia,Mato Grosso,Julho,7,2019,78835.29750672578
Amazônia,Mato Grosso,Julho,7,2020,75921.29096557588
Amazônia,Mato Grosso,Julho,7,2021,76862.58003053542
Amazônia,Mato Grosso,Julho,7,2022,78742.9896561096
Amazônia,Mato Grosso,Julho,7,2023,58785.4263093627
Amazônia,Mato Grosso,Junho,6,2019,34339.38682752066
Amazônia,Mato Grosso,Junho,6,2020,29591.50963013309
Amazônia,Mato Grosso,Junho,6,2021,22033.267421276854
Amazônia,Mato Grosso,Junho,6,2022,36474.14562023326
Amazônia,Mato Grosso,Junho,6,2023,23429.612801843225
Amazônia,Mato Grosso,Maio,5,2019,9824.797045929023
Amazônia,Mato Grosso,Maio,5,2020,12723.699649987824
Amazônia,Mato Grosso,Maio,5,2021,27969.720078607144
Amazônia,Mato Grosso,Maio,5,2022,19666.786966509997
Amazônia,Mato Grosso,Maio,5,2023,27649.5628643986
Amazônia,Mato Grosso,Março,3,2019,3549.8254660095167
Amazônia,Mato Grosso,Março,3,2020,14494.072857531726
Amazônia,Mato Grosso,Março,3,2021,8599.497442620832
Amazônia,Mato Grosso,Março,3,2022,15436.925485278338
Amazônia,Mato Grosso,Março,3,2023,24148.093849700756
Amazônia,Mato Grosso,Novembro,11,2019,66708.97154804527
Amazônia,Mato Grosso,Novembro,11,2020,136776.0739930593
Amazônia,Mato Grosso,Novembro,11,2021,19148.26223809814
Amazônia,Mato Grosso,Novembro,11,2022,215982.86475164906
Amazônia,Mato Grosso,Novembro,11,2023,115668.54599948703
Amazônia,Mato Grosso,Outubro,10,2019,243416.77797754612
Amazônia,Mato Grosso,Outubro,10,2020,585593.8721966341
Amazônia,Mato Grosso,Outubro,10,2021,172028.92520320427
Amazônia,Mato Grosso,Outubro,10,2022,309209.44069429475
Amazônia,Mato Grosso,Outubro,10,2023,117002.04613081852
Amazônia,Mato Grosso,Setembro,9,2019,597041.396209875
Amazônia,Mato Grosso,Setembro,9,2020,694597.2209158174
Amazônia,Mato Grosso,Setembro,9,2021,310119.9402219505
Amazônia,Mato Grosso,Setembro,9,2022,605302.03304626
Amazônia,Mato Grosso,Setembro,9,2023,222838.28195982732
Amazônia,Pará,Abril,4,2019,6125.203272125246
Amazônia,Pará,Abril,4,2020,8414.127328332523
Amazônia,Pará,Abril,4,2021,11768.221014215094
Amazônia,Pará,Abril,4,2022,11560.424581286614
Amazônia,Pará,Abril,4,2023,8732.197826116937
Amazônia,Pará,Agosto,8,2019,457297.9230657711
Amazônia,Pará,Agosto,8,2020,276671.7416952397
Amazônia,Pará,Agosto,8,2021,312876.36477170506
Amazônia,Pará,Agosto,8,2022,302722.12275267014
Amazônia,Pará,Agosto,8,2023,250158.984063711
Amazônia,Pará,Dezembro,12,2019,95863.9859379699
Amazônia,Pará,Dezembro,12,2020,97734.21777532945
Amazônia,Pará,Dezembro,12,2021,29114.815399627314
Amazônia,Pará,Dezembro,12,2022,96556.08189432959
Amazônia,Pará,Dezembro,12,2023,319976.9065084906
Amazônia,Pará,Fevereiro,2,2019,6737.606606158396
Amazônia,Pará,Fevereiro,2,2020,7549.273614538563
Amazônia,Pará,Fevereiro,2,2021,16613.140437207054
Amazônia,Pará,Fevereiro,2,2022,12193.010976928705
Amazônia,Pará,Fevereiro,2,2023,12531.993967864977
Amazônia,Pará,Janeiro,1,2019,22361.90115793456
Amazônia,Pará,Janeiro,1,2020,27135.19327838131
Amazônia,Pará,Janeiro,1,2021,25180.659142083714
Amazônia,Pará,Janeiro,1,2022,24322.248944982988
Amazônia,Pará,Janeiro,1,2023,43536.84605352784
Amazônia,Pará,Julho,7,2019,63107.60703397817
Amazônia,Pará,Julho,7,2020,66331.0507608032
Amazônia,Pará,Julho,7,2021,45993.847960296625
Amazônia,Pará,Julho,7,2022,70022.71127556781
Amazônia,Pará,Julho,7,2023,66587.72646372688
Amazônia,Pará,Junho,6,2019,19966.563069378666
Amazônia,Pará,Junho,6,2020,20946.698997564687
Amazônia,Pará,Junho,6,2021,14333.351427880898
Amazônia,Pará,Junho,6,2022,32604.98616019292
Amazônia,Pará,Junho,6,2023,23477.20484364007
Amazônia,Pará,Maio,5,2019,7867.705463000478
Amazônia,Pará,Maio,5,2020,11382.891907098368
Amazônia,Pará,Maio,5,2021,11037.882917602545
Amazônia,Pará,Maio,5,2022,17337.078674255434
Amazônia,Pará,Maio,5,2023,13498.758459069863
Amazônia,Pará,Março,3,2019,6281.528562927262
Amazônia,Pará,Março,3,2020,35066.429358288304
Amazônia,Pará,Março,3,2021,6982.214174670419
Amazônia,Pará,Março,3,2022,5553.675712725829
Amazônia,Pará,Março,3,2023,8366.67250426635
Amazônia,Pará,Novembro,11,2019,280190.71908853436
Amazônia,Pará,Novembro,11,2020,80441.67386340346
Amazônia,Pará,Novembro,11,2021,68754.88529279792
Amazônia,Pará,Novembro,11,2022,226010.87529477506
Amazônia,Pará,Novembro,11,2023,654332.2402691185
Amazônia,Pará,Outubro,10,2019,348900.09346289805
Amazônia,Pará,Outubro,10,2020,963501.0693669647
Amazônia,Pará,Outubro,10,2021,295655.7599761085
Amazônia,Pará,Outubro,10,2022,673246.8923804152
Amazônia,Pará,Outubro,10,2023,846211.8204429566
Amazônia,Pará,Setembro,9,2019,993534.5982662342
Amazônia,Pará,Setembro,9,2020,1479009.3134078358
Amazônia,Pará,Setembro,9,2021,188194.72314448265
Amazônia,Pará,Setembro,9,2022,1450377.8185334932
Amazônia,Pará,Setembro,9,2023,598517.6041329154
Amazônia,Rondônia,Abril,4,2019,1948.7236385253955
Amazônia,Rondônia,Abril,4,2020,4330.766943719494
Amazônia,Rondônia,Abril,4,2021,3035.6175669982895
Amazônia,Rondônia,Abril,4,2022,4460.06316018677
Amazônia,Rondônia,Abril,4,2023,1716.0568271301324
Amazônia,Rondônia,Agosto,8,2019,214194.5796632207
Amazônia,Rondônia,Agosto,8,2020,102952.04979560566
Amazônia,Rondônia,Agosto,8,2021,66496.497028064
Amazônia,Rondônia,Agosto,8,2022,59719.86119024676
Amazônia,Rondônia,Agosto,8,2023,64480.60882066673
Amazônia,Rondônia,Dezembro,12,2019,2042.5192690795952
Amazônia,Rondônia,Dezembro,12,2020,12519.993561224408
Amazônia,Rondônia,Dezembro,12,2021,1206.8669144104015
Amazônia,Rondônia,Dezembro,12,2022,19372.044603857466
Amazônia,Rondônia,Dezembro,12,2023,21293.54182576257
Amazônia,Rondônia,Fevereiro,2,2019,698.3971795288093
Amazônia,Rondônia,Fevereiro,2,2020,730.8640645263664
Amazônia,Rondônia,Fevereiro,2,2021,3750.866854980478
Amazônia,Rondônia,Fevereiro,2,2022,3261.699793524167
Amazônia,Rondônia,Fevereiro,2,2023,1684.8299795593273
Amazônia,Rondônia,Janeiro,1,2019,5014.97612080078
Amazônia,Rondônia,Janeiro,1,2020,13730.168842590325
Amazônia,Rondônia,Janeiro,1,2021,8472.992326647995
Amazônia,Rondônia,Janeiro,1,2022,30766.01868864117
Amazônia,Rondônia,Janeiro,1,2023,7905.518535382078
Amazônia,Rondônia,Julho,7,2019,42611.70684577637
Amazônia,Rondônia,Julho,7,2020,22247.88223512575
Amazônia,Rondônia,Julho,7,2021,23963.38188927
Amazônia,Rondônia,Julho,7,2022,63800.46706338044
Amazônia,Rondônia,Julho,7,2023,48914.46697010363
Amazônia,Rondônia,Junho,6,2019,6557.7615832336405
Amazônia,Rondônia,Junho,6,2020,5214.265061358638
Amazônia,Rondônia,Junho,6,2021,6042.28168122557
Amazônia,Rondônia,Junho,6,2022,11798.691844921861
Amazônia,Rondônia,Junho,6,2023,10894.971231469755
Amazônia,Rondônia,Maio,5,2019,7416.665996276849
Amazônia,Rondônia,Maio,5,2020,7939.684623968505
Amazônia,Rondônia,Maio,5,2021,2568.163786431886
Amazônia,Rondônia,Maio,5,2022,10468.319681945813
Amazônia,Rondônia,Maio,5,2023,4514.793345111089
Amazônia,Rondônia,Março,3,2019,2298.3969160705565
Amazônia,Rondônia,Março,3,2020,3290.6532093566875
Amazônia,Rondônia,Março,3,2021,1787.9689966003405
Amazônia,Rondônia,Março,3,2022,964.0427734802226
Amazônia,Rondônia,Março,3,2023,1550.8483867858893
Amazônia,Rondônia,Novembro,11,2019,31761.833362274418
Amazônia,Rondônia,Novembro,11,2020,74158.76581496299
Amazônia,Rondônia,Novembro,11,2021,9663.04518521121
Amazônia,Rondônia,Novembro,11,2022,133891.24666052303
Amazônia,Rondônia,Novembro,11,2023,106926.02408557883
Amazônia,Rondônia,Outubro,10,2019,90043.41694132738
Amazônia,Rondônia,Outubro,10,2020,294726.46917377383
Amazônia,Rondônia,Outubro,10,2021,197788.14295396802
Amazônia,Rondônia,Outubro,10,2022,37745.04756956185
Amazônia,Rondônia,Outubro,10,2023,118245.32482596317
Amazônia,Rondônia,Setembro,9,2019,200224.3969221788
Amazônia,Rondônia,Setembro,9,2020,157008.038001438
Amazônia,Rondônia,Setembro,9,2021,170684.61187239614
Amazônia,Rondônia,Setembro,9,2022,325576.4817518147
Amazônia,Rondônia,Setembro,9,2023,209312.06134612442
Amazônia,Roraima,Abril,4,2019,1000231.4971231966
Amazônia,Roraima,Abril,4,2020,69255.27352524981
Amazônia,Roraima,Abril,4,2021,10176.465938696281
Amazônia,Roraima,Abril,4,2022,13095.595177801519
Amazônia,Roraima,Abril,4,2023,175151.13901560873
Amazônia,Roraima,Agosto,8,2019,43981.53118084708
Amazônia,Roraima,Agosto,8,2020,1008.9540745178217
Amazônia,Roraima,Agosto,8,2021,4216.487640838626
Amazônia,Roraima,Agosto,8,2022,9353.431834735133
Amazônia,Roraima,Agosto,8,2023,15212.766961578332
Amazônia,Roraima,Dezembro,12,2019,14434.503488531485
Amazônia,Roraima,Dezembro,12,2020,7428.635139270018
Amazônia,Roraima,Dezembro,12,2021,29929.14406688222
Amazônia,Roraima,Dezembro,12,2022,7150.3735882812425
Amazônia,Roraima,Dezembro,12,2023,484055.29188697634
Amazônia,Roraima,Fevereiro,2,2019,190541.66207506225
Amazônia,Roraima,Fevereiro,2,2020,275671.5289905067
Amazônia,Roraima,Fevereiro,2,2021,119784.99190549312
Amazônia,Roraima,Fevereiro,2,2022,338366.5155094405
Amazônia,Roraima,Fevereiro,2,2023,240587.83143541994
Amazônia,Roraima,Janeiro,1,2019,127288.61110946059
Amazônia,Roraima,Janeiro,1,2020,71987.36659710167
Amazônia,Roraima,Janeiro,1,2021,69460.3869061462
Amazônia,Roraima,Janeiro,1,2022,278925.73420022946
Amazônia,Roraima,Janeiro,1,2023,1929.1216728942986
Amazônia,Roraima,Julho,7,2019,1882.3002656616209
Amazônia,Roraima,Julho,7,2020,2048.836482269286
Amazônia,Roraima,Julho,7,2021,89.87338785400388
Amazônia,Roraima,Julho,7,2022,414.0851972595214
Amazônia,Roraima,Julho,7,2023,1534.6942273376467
Amazônia,Roraima,Junho,6,2019,4590.9607039245475
Amazônia,Roraima,Junho,6,2020,1176.4831539367663
Amazônia,Roraima,Junho,6,2021,2818.788586608887
Amazônia,Roraima,Junho,6,2022,2660.778926562498
Amazônia,Roraima,Junho,6,2023,1501.6667563415522
Amazônia,Roraima,Maio,5,2019,31103.37790858139
Amazônia,Roraima,Maio,5,2020,29654.815324560637
Amazônia,Roraima,Maio,5,2021,852.4599690490716
Amazônia,Roraima,Maio,5,2022,912.0260580688478
Amazônia,Roraima,Maio,5,2023,246566.6905715765
Amazônia,Roraima,Março,3,2019,364269.01239854784
Amazônia,Roraima,Março,3,2020,681719.2841267796
Amazônia,Roraima,Março,3,2021,340298.9553567477
Amazônia,Roraima,Março,3,2022,67833.85587471942
Amazônia,Roraima,Março,3,2023,76936.539366217
Amazônia,Roraima,Novembro,11,2019,19302.891566088692
Amazônia,Roraima,Novembro,11,2020,6440.243926141357
Amazônia,Roraima,Novembro,11,2021,71716.85193496046
Amazônia,Roraima,Novembro,11,2022,3284.6393300415066
Amazônia,Roraima,Novembro,11,2023,170399.50980768254
Amazônia,Roraima,Outubro,10,2019,8719.323392456052
Amazônia,Roraima,Outubro,10,2020,35169.843632324264
Amazônia,Roraima,Outubro,10,2021,57871.45692752066
Amazônia,Roraima,Outubro,10,2022,29159.228371221943
Amazônia,Roraima,Outubro,10,2023,528232.9526581196
Amazônia,Roraima,Setembro,9,2019,31275.892846429415
Amazônia,Roraima,Setembro,9,2020,3026.955050280757
Amazônia,Roraima,Setembro,9,2021,15149.876905798345
Amazônia,Roraima,Setembro,9,2022,10599.86064568481
Amazônia,Roraima,Setembro,9,2023,45445.30912504869
Amazônia,Tocantins,Abril,4,2019,19.39868314208984
Amazônia,Tocantins,Abril,4,2020,31.106049926757798
Amazônia,Tocantins,Abril,4,2021,60.73369555053715
Amazônia,Tocantins,Abril,4,2022,213.1622648010257
Amazônia,Tocantins,Abril,4,2023,173.65062393798775
Amazônia,Tocantins,Agosto,8,2019,10197.782520165827
Amazônia,Tocantins,Agosto,8,2020,6368.018720989973
Amazônia,Tocantins,Agosto,8,2021,4393.98997463379
Amazônia,Tocantins,Agosto,8,2022,7100.682443676739
Amazônia,Tocantins,Agosto,8,2023,2201.3106723571823
Amazônia,Tocantins,Dezembro,12,2019,921.3547230102527
Amazônia,Tocantins,Dezembro,12,2020,1426.7655038513205
Amazônia,Tocantins,Dezembro,12,2021,87.20857938842768
Amazônia,Tocantins,Dezembro,12,2022,347.05413156738257
Amazônia,Tocantins,Dezembro,12,2023,842.2748962585471
Amazônia,Tocantins,Fevereiro,2,2019,79.23828094482418
Amazônia,Tocantins,Fevereiro,2,2020,77.96212909545895
Amazônia,Tocantins,Fevereiro,2,2021,71.21267696533197
Amazônia,Tocantins,Fevereiro,2,2022,172.07227788085964
Amazônia,Tocantins,Fevereiro,2,2023,197.7959556274416
Amazônia,Tocantins,Janeiro,1,2019,768.3002084106455
Amazônia,Tocantins,Janeiro,1,2020,77.70467238769535
Amazônia,Tocantins,Janeiro,1,2021,1511.543161950678
Amazônia,Tocantins,Janeiro,1,2022,139.85570482177704
Amazônia,Tocantins,Janeiro,1,2023,242.5121996154783
Amazônia,Tocantins,Julho,7,2019,1647.8679408203147
Amazônia,Tocantins,Julho,7,2020,1070.6194929687504
Amazônia,Tocantins,Julho,7,2021,1489.7472637268068
Amazônia,Tocantins,Julho,7,2022,2088.4968481628466
Amazônia,Tocantins,Julho,7,2023,1637.9642452453636
Amazônia,Tocantins,Junho,6,2019,424.31579119873106
Amazônia,Tocantins,Junho,6,2020,726.0103146484379
Amazônia,Tocantins,Junho,6,2021,49.32587303466792
Amazônia,Tocantins,Junho,6,2022,2461.830584313964
Amazônia,Tocantins,Junho,6,2023,565.5299950317385
Amazônia,Tocantins,Maio,5,2019,103.70087355346676
Amazônia,Tocantins,Maio,5,2020,370.6178042053221
Amazônia,Tocantins,Maio,5,2021,335.94064854736285
Amazônia,Tocantins,Maio,5,2022,616.7606992675783
Amazônia,Tocantins,Maio,5,2023,205.2106435852039
Amazônia,Tocantins,Março,3,2019,1.855249096679687
Amazônia,Tocantins,Março,3,2020,110.0980119995118
Amazônia,Tocantins,Março,3,2021,71.17799910888674
Amazônia,Tocantins,Março,3,2022,120.07767710571282
Amazônia,Tocantins,Março,3,2023,19.236811694335934
Amazônia,Tocantins,Novembro,11,2019,6097.0898236449875
Amazônia,Tocantins,Novembro,11,2020,168.76562448120123
Amazônia,Tocantins,Novembro,11,2021,239.0134918518064
Amazônia,Tocantins,Novembro,11,2022,6542.129144250514
Amazônia,Tocantins,Novembro,11,2023,3875.757598974604
Amazônia,Tocantins,Outubro,10,2019,2288.87686902466
Amazônia,Tocantins,Outubro,10,2020,25639.514098858614
Amazônia,Tocantins,Outubro,10,2021,2890.3160503967233
Amazônia,Tocantins,Outubro,10,2022,20822.325236261022
Amazônia,Tocantins,Outubro,10,2023,5408.118002813722
Amazônia,Tocantins,Setembro,9,2019,10045.246374560564
Amazônia,Tocantins,Setembro,9,2020,55140.80777365219
Amazônia,Tocantins,Setembro,9,2021,2851.745013928218
Amazônia,Tocantins,Setembro,9,2022,5640.892283044431
Amazônia,Tocantins,Setembro,9,2023,12927.384898181157
Cerrado,Bahia,Abril,4,2019,971.0935234130854
Cerrado,Bahia,Abril,4,2020,569.2370071166994
Cerrado,Bahia,Abril,4,2021,1162.4530433593786
Cerrado,Bahia,Abril,4,2022,3660.855295440675
Cerrado,Bahia,Abril,4,2023,1011.0268947265641
Cerrado,Bahia,Agosto,8,2019,18863.74764089349
Cerrado,Bahia,Agosto,8,2020,15078.573805334448
Cerrado,Bahia,Agosto,8,2021,75196.45157653202
Cerrado,Bahia,Agosto,8,2022,22218.353945831313
Cerrado,Bahia,Agosto,8,2023,13092.43054998173
Cerrado,Bahia,Dezembro,12,2019,18091.544413024698
Cerrado,Bahia,Dezembro,12,2020,21314.094679516482
Cerrado,Bahia,Dezembro,12,2021,381.49257687378156
Cerrado,Bahia,Dezembro,12,2022,909.5890279052746
Cerrado,Bahia,Dezembro,12,2023,32548.508721350066
Cerrado,Bahia,Fevereiro,2,2019,2828.2336439575233
Cerrado,Bahia,Fevereiro,2,2020,380.48246739501917
Cerrado,Bahia,Fevereiro,2,2021,730.4151126525902
Cerrado,Bahia,Fevereiro,2,2022,671.05807111206
Cerrado,Bahia,Fevereiro,2,2023,677.1391313903822
Cerrado,Bahia,Janeiro,1,2019,3560.2856703247144
Cerrado,Bahia,Janeiro,1,2020,10289.187394726574
Cerrado,Bahia,Janeiro,1,2021,11875.897271881237
Cerrado,Bahia,Janeiro,1,2022,1236.7743701660156
Cerrado,Bahia,Janeiro,1,2023,293.6307233398438
Cerrado,Bahia,Julho,7,2019,6674.057327941883
Cerrado,Bahia,Julho,7,2020,9776.605967047062
Cerrado,Bahia,Julho,7,2021,15369.835818548594
Cerrado,Bahia,Julho,7,2022,14645.524335363785
Cerrado,Bahia,Julho,7,2023,14235.490185235572
Cerrado,Bahia,Junho,6,2019,3940.2075049194327
Cerrado,Bahia,Junho,6,2020,2656.783789855958
Cerrado,Bahia,Junho,6,2021,7186.4070327758845
Cerrado,Bahia,Junho,6,2022,6111.02735465088
Cerrado,Bahia,Junho,6,2023,4641.330395861802
Cerrado,Bahia,Maio,5,2019,1217.1289441894517
Cerrado,Bahia,Maio,5,2020,1194.1595949401878
Cerrado,Bahia,Maio,5,2021,4218.775978186042
Cerrado,Bahia,Maio,5,2022,8693.175577398684
Cerrado,Bahia,Maio,5,2023,3351.330498333735
Cerrado,Bahia,Março,3,2019,146.71052611083985
Cerrado,Bahia,Março,3,2020,79.66054429321287
Cerrado,Bahia,Março,3,2021,1491.5372305419917
Cerrado,Bahia,Março,3,2022,1016.0325471435541
Cerrado,Bahia,Março,3,2023,716.9520489746088
Cerrado,Bahia,Novembro,11,2019,27282.91818296509
Cerrado,Bahia,Novembro,11,2020,33462.3247723329
Cerrado,Bahia,Novembro,11,2021,30112.974729504418
Cerrado,Bahia,Novembro,11,2022,3941.162764880372
Cerrado,Bahia,Novembro,11,2023,35993.942252301
Cerrado,Bahia,Outubro,10,2019,115870.43408320326
Cerrado,Bahia,Outubro,10,2020,180421.32227186364
Cerrado,Bahia,Outubro,10,2021,315606.4750918496
Cerrado,Bahia,Outubro,10,2022,233973.77208662193
Cerrado,Bahia,Outubro,10,2023,151181.4101295339
Cerrado,Bahia,Setembro,9,2019,90041.36006726246
Cerrado,Bahia,Setembro,9,2020,56671.78616837113
Cerrado,Bahia,Setembro,9,2021,303283.1732845079
Cerrado,Bahia,Setembro,9,2022,88434.93506336008
Cerrado,Bahia,Setembro,9,2023,66006.81139364633
Cerrado,Distrito Federal,Abril,4,2019,14.82129427490231
Cerrado,Distrito Federal,Abril,4,2020,69.20444714965814
Cerrado,Distrito Federal,Abril,4,2021,12.580927905273434
Cerrado,Distrito Federal,Abril,4,2022,176.7114099914551
Cerrado,Distrito Federal,Abril,4,2023,0.7750252563476562
Cerrado,Distrito Federal,Agosto,8,2019,2059.3617435058586
Cerrado,Distrito Federal,Agosto,8,2020,1758.361127929687
Cerrado,Distrito Federal,Agosto,8,2021,2158.3103045532234
Cerrado,Distrito Federal,Agosto,8,2022,6654.9389791564945
Cerrado,Distrito Federal,Agosto,8,2023,2055.3878812255875
Cerrado,Distrito Federal,Dezembro,12,2019,41.371514916992126
Cerrado,Distrito Federal,Dezembro,12,2021,6.635554840087888
Cerrado,Distrito Federal,Dezembro,12,2022,10.685137561035152
Cerrado,Distrito Federal,Dezembro,12,2023,46.19049975585943
Cerrado,Distrito Federal,Fevereiro,2,2019,59.90016553955083
Cerrado,Distrito Federal,Fevereiro,2,2020,10.518918951416005
Cerrado,Distrito Federal,Fevereiro,2,2021,5.249748754882811
Cerrado,Distrito Federal,Fevereiro,2,2022,18.87004652709961
Cerrado,Distrito Federal,Fevereiro,2,2023,63.07511035766603
Cerrado,Distrito Federal,Janeiro,1,2019,28.602508282470716
Cerrado,Distrito Federal,Janeiro,1,2021,11.708404675292963
Cerrado,Distrito Federal,Janeiro,1,2022,6.892625225830077
Cerrado,Distrito Federal,Janeiro,1,2023,15.16823076171878
Cerrado,Distrito Federal,Julho,7,2019,2004.2889955383305
Cerrado,Distrito Federal,Julho,7,2020,764.2076627502439
Cerrado,Distrito Federal,Julho,7,2021,1192.98555215454
Cerrado,Distrito Federal,Julho,7,2022,2700.607041680906
Cerrado,Distrito Federal,Julho,7,2023,280.26505477905243
Cerrado,Distrito Federal,Junho,6,2019,322.97669189453103
Cerrado,Distrito Federal,Junho,6,2020,301.5408297302241
Cerrado,Distrito Federal,Junho,6,2021,1936.2470765930204
Cerrado,Distrito Federal,Junho,6,2022,1341.6867875793478
Cerrado,Distrito Federal,Junho,6,2023,561.9634398559568
Cerrado,Distrito Federal,Maio,5,2019,85.95673717041014
Cerrado,Distrito Federal,Maio,5,2020,1541.9395403076155
Cerrado,Distrito Federal,Maio,5,2021,324.77444339599566
Cerrado,Distrito Federal,Maio,5,2022,993.5732867858843
Cerrado,Distrito Federal,Maio,5,2023,272.1054914245604
Cerrado,Distrito Federal,Março,3,2019,38.19057442016609
Cerrado,Distrito Federal,Março,3,2020,2.5852632995605482
Cerrado,Distrito Federal,Março,3,2021,62.7034267944336
Cerrado,Distrito Federal,Março,3,2023,1.982361346435547
Cerrado,Distrito Federal,Novembro,11,2019,140.12850036010727
Cerrado,Distrito Federal,Novembro,11,2020,31.535738031005916
Cerrado,Distrito Federal,Novembro,11,2021,33.26025113525391
Cerrado,Distrito Federal,Novembro,11,2022,27.05489151611329
Cerrado,Distrito Federal,Novembro,11,2023,399.58181857299695
Cerrado,Distrito Federal,Outubro,10,2019,5937.969203143317
Cerrado,Distrito Federal,Outubro,10,2020,4217.410086572266
Cerrado,Distrito Federal,Outubro,10,2021,4128.346579254158
Cerrado,Distrito Federal,Outubro,10,2022,5336.13531834716
Cerrado,Distrito Federal,Outubro,10,2023,136.31743536987318
Cerrado,Distrito Federal,Setembro,9,2019,5325.943573095697
Cerrado,Distrito Federal,Setembro,9,2020,2547.482921099857
Cerrado,Distrito Federal,Setembro,9,2021,11683.614308673124
Cerrado,Distrito Federal,Setembro,9,2022,9933.810530065946
Cerrado,Distrito Federal,Setembro,9,2023,1417.756054315185
Cerrado,Goiás,Abril,4,2019,994.2211293518069
Cerrado,Goiás,Abril,4,2020,4605.084506152355
Cerrado,Goiás,Abril,4,2021,5786.604527923579
Cerrado,Goiás,Abril,4,2022,2022.9588771423319
Cerrado,Goiás,Abril,4,2023,9582.711970965714
Cerrado,Goiás,Agosto,8,2019,59184.40464683218
Cerrado,Goiás,Agosto,8,2020,37152.45052307747
Cerrado,Goiás,Agosto,8,2021,88810.23646784667
Cerrado,Goiás,Agosto,8,2022,65953.78678628546
Cerrado,Goiás,Agosto,8,2023,42897.65518932509
Cerrado,Goiás,Dezembro,12,2019,4001.4971318481225
Cerrado,Goiás,Dezembro,12,2020,5049.991402471934
Cerrado,Goiás,Dezembro,12,2021,4106.450245605474
Cerrado,Goiás,Dezembro,12,2022,603.8486608337403
Cerrado,Goiás,Dezembro,12,2023,10286.192677508552
Cerrado,Goiás,Fevereiro,2,2019,2260.7837818725475
Cerrado,Goiás,Fevereiro,2,2020,677.4107318603519
Cerrado,Goiás,Fevereiro,2,2021,1300.4958338684064
Cerrado,Goiás,Fevereiro,2,2022,1156.4395712951655
Cerrado,Goiás,Fevereiro,2,2023,3409.5585203613036
Cerrado,Goiás,Janeiro,1,2019,2050.8584125976104
Cerrado,Goiás,Janeiro,1,2020,602.0483096862796
Cerrado,Goiás,Janeiro,1,2021,2311.009129504396
Cerrado,Goiás,Janeiro,1,2022,1049.9898881103527
Cerrado,Goiás,Janeiro,1,2023,269.4495023986818
Cerrado,Goiás,Julho,7,2019,30990.604618810932
Cerrado,Goiás,Julho,7,2020,19917.752420617668
Cerrado,Goiás,Julho,7,2021,55316.82140296535
Cerrado,Goiás,Julho,7,2022,46703.105505041305
Cerrado,Goiás,Julho,7,2023,19658.49162547613
Cerrado,Goiás,Junho,6,2019,12582.951593103026
Cerrado,Goiás,Junho,6,2020,11599.168969256603
Cerrado,Goiás,Junho,6,2021,19030.226135052515
Cerrado,Goiás,Junho,6,2022,21786.88971463016
Cerrado,Goiás,Junho,6,2023,18774.947860601787
Cerrado,Goiás,Maio,5,2019,4756.6623659790075
Cerrado,Goiás,Maio,5,2020,6330.041824267581
Cerrado,Goiás,Maio,5,2021,3661.6550642211855
Cerrado,Goiás,Maio,5,2022,15335.909254785023
Cerrado,Goiás,Maio,5,2023,8716.8081687622
Cerrado,Goiás,Março,3,2019,3882.4375476379396
Cerrado,Goiás,Março,3,2020,1049.0704473388676
Cerrado,Goiás,Março,3,2021,4429.187651971428
Cerrado,Goiás,Março,3,2022,3128.9531524108825
Cerrado,Goiás,Março,3,2023,5038.878407952878
Cerrado,Goiás,Novembro,11,2019,24424.725201794437
Cerrado,Goiás,Novembro,11,2020,11990.138793084721
Cerrado,Goiás,Novembro,11,2021,6808.873634979209
Cerrado,Goiás,Novembro,11,2022,7434.6163946228
Cerrado,Goiás,Novembro,11,2023,21892.46704006953
Cerrado,Goiás,Outubro,10,2019,293160.4182963277
Cerrado,Goiás,Outubro,10,2020,176336.90057291652
Cerrado,Goiás,Outubro,10,2021,104214.37242726401
Cerrado,Goiás,Outubro,10,2022,119477.69564263916
Cerrado,Goiás,Outubro,10,2023,27226.51129545895
Cerrado,Goiás,Setembro,9,2019,310186.6534045735
Cerrado,Goiás,Setembro,9,2020,115455.71137732716
Cerrado,Goiás,Setembro,9,2021,386188.68469736003
Cerrado,Goiás,Setembro,9,2022,105300.72597575109
Cerrado,Goiás,Setembro,9,2023,81563.57848083478
Cerrado,Maranhão,Abril,4,2019,5488.642449346923
Cerrado,Maranhão,Abril,4,2020,4216.236908038332
Cerrado,Maranhão,Abril,4,2021,3772.8429868103035
Cerrado,Maranhão,Abril,4,2022,3987.8299157592796
Cerrado,Maranhão,Abril,4,2023,1439.1442410888667
Cerrado,Maranhão,Agosto,8,2019,358223.73243956186
Cerrado,Maranhão,Agosto,8,2020,148188.9890453237
Cerrado,Maranhão,Agosto,8,2021,352277.560539174
Cerrado,Maranhão,Agosto,8,2022,396522.1144239923
Cerrado,Maranhão,Agosto,8,2023,175626.90142702626
Cerrado,Maranhão,Dezembro,12,2019,47083.26037993764
Cerrado,Maranhão,Dezembro,12,2020,11649.797201776106
Cerrado,Maranhão,Dezembro,12,2021,2342.8271819580086
Cerrado,Maranhão,Dezembro,12,2022,26270.00096873169
Cerrado,Maranhão,Dezembro,12,2023,84657.93803710322
Cerrado,Maranhão,Fevereiro,2,2019,1442.4737620361354
Cerrado,Maranhão,Fevereiro,2,2020,2186.8786110351566
Cerrado,Maranhão,Fevereiro,2,2021,4083.5772079711896
Cerrado,Maranhão,Fevereiro,2,2022,4192.888585363781
Cerrado,Maranhão,Fevereiro,2,2023,1317.8262320922859
Cerrado,Maranhão,Janeiro,1,2019,20545.577279480014
Cerrado,Maranhão,Janeiro,1,2020,4598.506486077883
Cerrado,Maranhão,Janeiro,1,2021,17426.291775158672
Cerrado,Maranhão,Janeiro,1,2022,5317.34352402954
Cerrado,Maranhão,Janeiro,1,2023,6787.634633917229
Cerrado,Maranhão,Julho,7,2019,205162.84951437457
Cerrado,Maranhão,Julho,7,2020,87549.8826377919
Cerrado,Maranhão,Julho,7,2021,91527.0744565308
Cerrado,Maranhão,Julho,7,2022,108112.48670479073
Cerrado,Maranhão,Julho,7,2023,204124.02387891186
Cerrado,Maranhão,Junho,6,2019,48040.20366928702
Cerrado,Maranhão,Junho,6,2020,52543.14969668574
Cerrado,Maranhão,Junho,6,2021,38210.920659997595
Cerrado,Maranhão,Junho,6,2022,89315.03708406363
Cerrado,Maranhão,Junho,6,2023,90186.67517782073
Cerrado,Maranhão,Maio,5,2019,12364.525339935279
Cerrado,Maranhão,Maio,5,2020,9168.580366741917
Cerrado,Maranhão,Maio,5,2021,8697.004367529296
Cerrado,Maranhão,Maio,5,2022,17538.30764580688
Cerrado,Maranhão,Maio,5,2023,21680.773707824705
Cerrado,Maranhão,Março,3,2019,1616.527356414795
Cerrado,Maranhão,Março,3,2020,1838.501551617433
Cerrado,Maranhão,Março,3,2021,2168.895356402588
Cerrado,Maranhão,Março,3,2022,1034.0814491699239
Cerrado,Maranhão,Março,3,2023,978.8545915649408
Cerrado,Maranhão,Novembro,11,2019,109291.41967138658
Cerrado,Maranhão,Novembro,11,2020,68620.79634541017
Cerrado,Maranhão,Novembro,11,2021,26950.75477735601
Cerrado,Maranhão,Novembro,11,2022,73779.49464697912
Cerrado,Maranhão,Novembro,11,2023,101628.33363075578
Cerrado,Maranhão,Outubro,10,2019,325051.2140786626
Cerrado,Maranhão,Outubro,10,2020,545214.7208777609
Cerrado,Maranhão,Outubro,10,2021,112693.06722607944
Cerrado,Maranhão,Outubro,10,2022,354321.5698051587
Cerrado,Maranhão,Outubro,10,2023,398413.7531799425
Cerrado,Maranhão,Setembro,9,2019,499176.12410880986
Cerrado,Maranhão,Setembro,9,2020,620283.4085640704
Cerrado,Maranhão,Setembro,9,2021,224435.04617280883
Cerrado,Maranhão,Setembro,9,2022,485687.04625796917
Cerrado,Maranhão,Setembro,9,2023,484122.8166064375
Cerrado,Mato Grosso,Abril,4,2019,5284.376107617187
Cerrado,Mato Grosso,Abril,4,2020,7963.858984985315
Cerrado,Mato Grosso,Abril,4,2021,2674.37919659424
Cerrado,Mato Grosso,Abril,4,2022,13608.898558654777
Cerrado,Mato Grosso,Abril,4,2023,1567.098548474121
Cerrado,Mato Grosso,Agosto,8,2019,401150.3256983927
Cerrado,Mato Grosso,Agosto,8,2020,275610.0879759449
Cerrado,Mato Grosso,Agosto,8,2021,311596.42025478516
Cerrado,Mato Grosso,Agosto,8,2022,248787.28229257243
Cerrado,Mato Grosso,Agosto,8,2023,188592.7533286134
Cerrado,Mato Grosso,Dezembro,12,2019,4216.030654913334
Cerrado,Mato Grosso,Dezembro,12,2020,37531.32832504934
Cerrado,Mato Grosso,Dezembro,12,2021,589.9918813171383
Cerrado,Mato Grosso,Dezembro,12,2022,2985.9828266174263
Cerrado,Mato Grosso,Dezembro,12,2023,16027.716926153396
Cerrado,Mato Grosso,Fevereiro,2,2019,1479.3489987609828
Cerrado,Mato Grosso,Fevereiro,2,2020,859.8949897949223
Cerrado,Mato Grosso,Fevereiro,2,2021,1039.216677154541
Cerrado,Mato Grosso,Fevereiro,2,2022,773.1522298522942
Cerrado,Mato Grosso,Fevereiro,2,2023,655.081888110351
Cerrado,Mato Grosso,Janeiro,1,2019,3520.334539544679
Cerrado,Mato Grosso,Janeiro,1,2020,1577.862526019287
Cerrado,Mato Grosso,Janeiro,1,2021,3203.626832922367
Cerrado,Mato Grosso,Janeiro,1,2022,1499.9296719848642
Cerrado,Mato Grosso,Janeiro,1,2023,1033.0541803710948
Cerrado,Mato Grosso,Julho,7,2019,104745.90169243797
Cerrado,Mato Grosso,Julho,7,2020,103321.42072139164
Cerrado,Mato Grosso,Julho,7,2021,134965.18938189695
Cerrado,Mato Grosso,Julho,7,2022,119928.48896600965
Cerrado,Mato Grosso,Julho,7,2023,79436.94541704131
Cerrado,Mato Grosso,Junho,6,2019,131147.88531274936
Cerrado,Mato Grosso,Junho,6,2020,36078.24885151976
Cerrado,Mato Grosso,Junho,6,2021,40055.933242297506
Cerrado,Mato Grosso,Junho,6,2022,133228.3553994521
Cerrado,Mato Grosso,Junho,6,2023,41137.157907354565
Cerrado,Mato Grosso,Maio,5,2019,39464.129611059354
Cerrado,Mato Grosso,Maio,5,2020,25671.2448450989
Cerrado,Mato Grosso,Maio,5,2021,14329.956915075692
Cerrado,Mato Grosso,Maio,5,2022,12840.777220208674
Cerrado,Mato Grosso,Maio,5,2023,6284.600498339843
Cerrado,Mato Grosso,Março,3,2019,2085.6485469665577
Cerrado,Mato Grosso,Março,3,2020,2939.7946136413625
Cerrado,Mato Grosso,Março,3,2021,2043.7031085815377
Cerrado,Mato Grosso,Março,3,2022,1295.5115044250495
Cerrado,Mato Grosso,Março,3,2023,816.3568206787111
Cerrado,Mato Grosso,Novembro,11,2019,59579.79784094744
Cerrado,Mato Grosso,Novembro,11,2020,66542.64320299696
Cerrado,Mato Grosso,Novembro,11,2021,2102.5525418823245
Cerrado,Mato Grosso,Novembro,11,2022,69712.80271690158
Cerrado,Mato Grosso,Novembro,11,2023,110192.93490966296
Cerrado,Mato Grosso,Outubro,10,2019,386250.15828641376
Cerrado,Mato Grosso,Outubro,10,2020,984755.7238098796
Cerrado,Mato Grosso,Outubro,10,2021,312292.74955468153
Cerrado,Mato Grosso,Outubro,10,2022,603209.964240573
Cerrado,Mato Grosso,Outubro,10,2023,260976.86517229304
Cerrado,Mato Grosso,Setembro,9,2019,1468287.589147738
Cerrado,Mato Grosso,Setembro,9,2020,1190751.7239958588
Cerrado,Mato Grosso,Setembro,9,2021,940534.0873022574
Cerrado,Mato Grosso,Setembro,9,2022,806749.6042530711
Cerrado,Mato Grosso,Setembro,9,2023,256602.88934924992
Cerrado,Mato Grosso do Sul,Abril,4,2019,291.0598343322754
Cerrado,Mato Grosso do Sul,Abril,4,2020,5174.364713806148
Cerrado,Mato Grosso do Sul,Abril,4,2021,1714.7114620422371
Cerrado,Mato Grosso do Sul,Abril,4,2022,3228.6458999084593
Cerrado,Mato Grosso do Sul,Abril,4,2023,1018.3470225219799
Cerrado,Mato Grosso do Sul,Agosto,8,2019,21485.921825689693
Cerrado,Mato Grosso do Sul,Agosto,8,2020,20230.60865070191
Cerrado,Mato Grosso do Sul,Agosto,8,2021,20018.12820405881
Cerrado,Mato Grosso do Sul,Agosto,8,2022,12471.244916973754
Cerrado,Mato Grosso do Sul,Agosto,8,2023,8694.396045483383
Cerrado,Mato Grosso do Sul,Dezembro,12,2019,169.6922569641114
Cerrado,Mato Grosso do Sul,Dezembro,12,2020,1536.7065188415525
Cerrado,Mato Grosso do Sul,Dezembro,12,2021,703.04033493042
Cerrado,Mato Grosso do Sul,Dezembro,12,2022,273.0287242797851
Cerrado,Mato Grosso do Sul,Dezembro,12,2023,657.0608812194814
Cerrado,Mato Grosso do Sul,Fevereiro,2,2019,771.5519800781263
Cerrado,Mato Grosso do Sul,Fevereiro,2,2020,41.42907582397462
Cerrado,Mato Grosso do Sul,Fevereiro,2,2021,864.9227525146499
Cerrado,Mato Grosso do Sul,Fevereiro,2,2022,17343.92235243529
Cerrado,Mato Grosso do Sul,Fevereiro,2,2023,261.67462861328096
Cerrado,Mato Grosso do Sul,Janeiro,1,2019,392.85088482055664
Cerrado,Mato Grosso do Sul,Janeiro,1,2020,25.14809679565432
Cerrado,Mato Grosso do Sul,Janeiro,1,2021,20.816949652099588
Cerrado,Mato Grosso do Sul,Janeiro,1,2022,515.6925549072265
Cerrado,Mato Grosso do Sul,Janeiro,1,2023,156.68994478759765
Cerrado,Mato Grosso do Sul,Julho,7,2019,8432.941364868164
Cerrado,Mato Grosso do Sul,Julho,7,2020,4405.505706750467
Cerrado,Mato Grosso do Sul,Julho,7,2021,9520.456561480683
Cerrado,Mato Grosso do Sul,Julho,7,2022,7102.856416156013
Cerrado,Mato Grosso do Sul,Julho,7,2023,8183.757611462411
Cerrado,Mato Grosso do Sul,Junho,6,2019,7412.050029785156
Cerrado,Mato Grosso do Sul,Junho,6,2020,1516.9358302856444
Cerrado,Mato Grosso do Sul,Junho,6,2021,11011.05494568478
Cerrado,Mato Grosso do Sul,Junho,6,2022,4797.501253057869
Cerrado,Mato Grosso do Sul,Junho,6,2023,8643.440504052733
Cerrado,Mato Grosso do Sul,Maio,5,2019,1813.389889630128
Cerrado,Mato Grosso do Sul,Maio,5,2020,4575.546789990236
Cerrado,Mato Grosso do Sul,Maio,5,2021,1162.1222330688481
Cerrado,Mato Grosso do Sul,Maio,5,2022,2123.2111883544935
Cerrado,Mato Grosso do Sul,Maio,5,2023,8372.645218780504
Cerrado,Mato Grosso do Sul,Março,3,2019,3888.1624401855433
Cerrado,Mato Grosso do Sul,Março,3,2020,1631.7538529602061
Cerrado,Mato Grosso do Sul,Março,3,2021,4267.857498522946
Cerrado,Mato Grosso do Sul,Março,3,2022,1792.2450366027826
Cerrado,Mato Grosso do Sul,Março,3,2023,5393.844677264397
Cerrado,Mato Grosso do Sul,Novembro,11,2019,1863.3212384033209
Cerrado,Mato Grosso do Sul,Novembro,11,2020,1739.6575559692321
Cerrado,Mato Grosso do Sul,Novembro,11,2021,2253.242432830809
Cerrado,Mato Grosso do Sul,Novembro,11,2022,2665.093956414797
Cerrado,Mato Grosso do Sul,Novembro,11,2023,1001.2073990051275
Cerrado,Mato Grosso do Sul,Outubro,10,2019,3525.858253991701
Cerrado,Mato Grosso do Sul,Outubro,10,2020,7530.094029827878
Cerrado,Mato Grosso do Sul,Outubro,10,2021,3823.226688891598
Cerrado,Mato Grosso do Sul,Outubro,10,2022,6276.331837292489
Cerrado,Mato Grosso do Sul,Outubro,10,2023,4857.922396295152
Cerrado,Mato Grosso do Sul,Setembro,9,2019,19842.227953564394
Cerrado,Mato Grosso do Sul,Setembro,9,2020,31287.743744879346
Cerrado,Mato Grosso do Sul,Setembro,9,2021,76008.60118502141
Cerrado,Mato Grosso do Sul,Setembro,9,2022,443.60988535766796
Cerrado,Mato Grosso do Sul,Setembro,9,2023,4865.109359393314
Cerrado,Minas Gerais,Abril,4,2019,1492.5367296081542
Cerrado,Minas Gerais,Abril,4,2020,2474.7333334838895
Cerrado,Minas Gerais,Abril,4,2021,5142.288611877441
Cerrado,Minas Gerais,Abril,4,2022,2828.0198539306616
Cerrado,Minas Gerais,Abril,4,2023,3549.4143356323343
Cerrado,Minas Gerais,Agosto,8,2019,32069.50939058227
Cerrado,Minas Gerais,Agosto,8,2020,48813.384779967695
Cerrado,Minas Gerais,Agosto,8,2021,50010.86401901836
Cerrado,Minas Gerais,Agosto,8,2022,14264.888943823233
Cerrado,Minas Gerais,Agosto,8,2023,28620.515453338696
Cerrado,Minas Gerais,Dezembro,12,2019,3126.40942196655
Cerrado,Minas Gerais,Dezembro,12,2020,1737.2398844726558
Cerrado,Minas Gerais,Dezembro,12,2021,1476.2324063232427
Cerrado,Minas Gerais,Dezembro,12,2022,513.4552987182622
Cerrado,Minas Gerais,Dezembro,12,2023,8380.552865899665
Cerrado,Minas Gerais,Fevereiro,2,2019,358.84049553833
Cerrado,Minas Gerais,Fevereiro,2,2020,246.52360139770502
Cerrado,Minas Gerais,Fevereiro,2,2021,371.9613950317383
Cerrado,Minas Gerais,Fevereiro,2,2022,111.4115149780274
Cerrado,Minas Gerais,Fevereiro,2,2023,487.736963104248
Cerrado,Minas Gerais,Janeiro,1,2019,4424.687769396966
Cerrado,Minas Gerais,Janeiro,1,2020,3523.868963623047
Cerrado,Minas Gerais,Janeiro,1,2021,1172.5967686950678
Cerrado,Minas Gerais,Janeiro,1,2022,949.870466619875
Cerrado,Minas Gerais,Janeiro,1,2023,143.0781411743166
Cerrado,Minas Gerais,Julho,7,2019,8505.115268463142
Cerrado,Minas Gerais,Julho,7,2020,7861.586272930873
Cerrado,Minas Gerais,Julho,7,2021,15023.171042334003
Cerrado,Minas Gerais,Julho,7,2022,12485.213604357912
Cerrado,Minas Gerais,Julho,7,2023,8418.488069158935
Cerrado,Minas Gerais,Junho,6,2019,3672.4927682678244
Cerrado,Minas Gerais,Junho,6,2020,3342.099465722656
Cerrado,Minas Gerais,Junho,6,2021,7219.516910766605
Cerrado,Minas Gerais,Junho,6,2022,6124.699820623785
Cerrado,Minas Gerais,Junho,6,2023,2936.992239453127
Cerrado,Minas Gerais,Maio,5,2019,1747.8522211425773
Cerrado,Minas Gerais,Maio,5,2020,2228.114529943848
Cerrado,Minas Gerais,Maio,5,2021,3567.1798036193854
Cerrado,Minas Gerais,Maio,5,2022,1688.0035174987802
Cerrado,Minas Gerais,Maio,5,2023,4214.926842864989
Cerrado,Minas Gerais,Março,3,2019,497.40443239135817
Cerrado,Minas Gerais,Março,3,2020,310.777380847168
Cerrado,Minas Gerais,Março,3,2021,6113.906646008362
Cerrado,Minas Gerais,Março,3,2022,3978.1284574951155
Cerrado,Minas Gerais,Março,3,2023,2259.380189801021
Cerrado,Minas Gerais,Novembro,11,2019,22118.95298775015
Cerrado,Minas Gerais,Novembro,11,2020,4981.2851906799315
Cerrado,Minas Gerais,Novembro,11,2021,12623.600184875819
Cerrado,Minas Gerais,Novembro,11,2022,5937.173405963131
Cerrado,Minas Gerais,Novembro,11,2023,9286.626392828362
Cerrado,Minas Gerais,Outubro,10,2019,58795.51320892346
Cerrado,Minas Gerais,Outubro,10,2020,83539.4076657904
Cerrado,Minas Gerais,Outubro,10,2021,82740.6087889664
Cerrado,Minas Gerais,Outubro,10,2022,36471.090980151486
Cerrado,Minas Gerais,Outubro,10,2023,19776.17854628908
Cerrado,Minas Gerais,Setembro,9,2019,59392.525179205404
Cerrado,Minas Gerais,Setembro,9,2020,102835.36884419555
Cerrado,Minas Gerais,Setembro,9,2021,113132.77489076566
Cerrado,Minas Gerais,Setembro,9,2022,75642.4735740539
Cerrado,Minas Gerais,Setembro,9,2023,38053.04800644533
Cerrado,Paraná,Abril,4,2020,2.93523210449219
Cerrado,Paraná,Abril,4,2021,67.19436152954096
Cerrado,Paraná,Abril,4,2022,19.34647069091799
Cerrado,Paraná,Abril,4,2023,36.10070778808591
Cerrado,Paraná,Agosto,8,2019,110.05568141479502
Cerrado,Paraná,Agosto,8,2020,339.6788185913089
Cerrado,Paraná,Agosto,8,2021,338.8774902526856
Cerrado,Paraná,Agosto,8,2022,494.93893769531184
Cerrado,Paraná,Dezembro,12,2020,97.3899422851563
Cerrado,Paraná,Dezembro,12,2021,160.67471405029303
Cerrado,Paraná,Dezembro,12,2023,0.6520634765624992
Cerrado,Paraná,Fevereiro,2,2020,0.7346449157714845
Cerrado,Paraná,Fevereiro,2,2021,36.00506621093743
Cerrado,Paraná,Fevereiro,2,2022,66.34925144042967
Cerrado,Paraná,Janeiro,1,2019,49.18917866210937
Cerrado,Paraná,Janeiro,1,2020,10.202487792968753
Cerrado,Paraná,Janeiro,1,2021,1.714862030029297
Cerrado,Paraná,Janeiro,1,2022,2.1192216491699223
Cerrado,Paraná,Julho,7,2019,61.198655493164075
Cerrado,Paraná,Julho,7,2021,111.374202520752
Cerrado,Paraná,Julho,7,2022,32.63281185302729
Cerrado,Paraná,Junho,6,2019,64.54157653808583
Cerrado,Paraná,Junho,6,2020,10.118461798095707
Cerrado,Paraná,Junho,6,2021,87.46145370483404
Cerrado,Paraná,Junho,6,2022,130.3643618103027
Cerrado,Paraná,Junho,6,2023,95.71061508178704
Cerrado,Paraná,Maio,5,2019,14.955625488281266
Cerrado,Paraná,Maio,5,2020,102.64457429809566
Cerrado,Paraná,Maio,5,2021,44.17936290893561
Cerrado,Paraná,Maio,5,2022,28.66463339843751
Cerrado,Paraná,Maio,5,2023,5.790835382080076
Cerrado,Paraná,Março,3,2019,35.82477838134769
Cerrado,Paraná,Março,3,2020,17.2259966064453
Cerrado,Paraná,Março,3,2021,8.495986425781252
Cerrado,Paraná,Março,3,2023,7.765913519287105
Cerrado,Paraná,Novembro,11,2019,253.55252155151356
Cerrado,Paraná,Novembro,11,2020,68.89086206054691
Cerrado,Paraná,Novembro,11,2021,236.90153238525357
Cerrado,Paraná,Novembro,11,2022,5.795502130126957
Cerrado,Paraná,Novembro,11,2023,2.449219927978512
Cerrado,Paraná,Outubro,10,2019,15.506063159179691
Cerrado,Paraná,Outubro,10,2020,684.3171339782722
Cerrado,Paraná,Outubro,10,2022,45.304625152587874
Cerrado,Paraná,Setembro,9,2019,378.2982203063963
Cerrado,Paraná,Setembro,9,2020,222.21786251831088
Cerrado,Paraná,Setembro,9,2021,181.0740145019533
Cerrado,Paraná,Setembro,9,2022,57.40642667846692
Cerrado,Paraná,Setembro,9,2023,75.3099016906739
Cerrado,Pará,Abril,4,2019,5.2045387573242206
Cerrado,Pará,Abril,4,2020,2.5627008666992226
Cerrado,Pará,Abril,4,2021,8.93177786865235
Cerrado,Pará,Abril,4,2022,21.57282793579101
Cerrado,Pará,Abril,4,2023,1.948007794189454
Cerrado,Pará,Agosto,8,2019,18462.786743152024
Cerrado,Pará,Agosto,8,2020,8322.108180267182
Cerrado,Pará,Agosto,8,2021,6236.8484157409775
Cerrado,Pará,Agosto,8,2022,15981.719267987228
Cerrado,Pará,Agosto,8,2023,2383.2889222778267
Cerrado,Pará,Dezembro,12,2019,129.83109352417
Cerrado,Pará,Dezembro,12,2020,307.6780987243658
Cerrado,Pará,Dezembro,12,2022,155.86716511840822
Cerrado,Pará,Dezembro,12,2023,48.713818029785166
Cerrado,Pará,Fevereiro,2,2019,147.2632204345703
Cerrado,Pará,Fevereiro,2,2020,9.563121209716796
Cerrado,Pará,Fevereiro,2,2022,67.26545526733409
Cerrado,Pará,Fevereiro,2,2023,1.1514246215820305
Cerrado,Pará,Janeiro,1,2019,44.40179995727543
Cerrado,Pará,Janeiro,1,2020,35.105605926513675
Cerrado,Pará,Janeiro,1,2021,358.32933189087163
Cerrado,Pará,Janeiro,1,2022,13.538707446289054
Cerrado,Pará,Janeiro,1,2023,16.196140643310542
Cerrado,Pará,Julho,7,2019,5369.083170635977
Cerrado,Pará,Julho,7,2020,3551.1818532714897
Cerrado,Pará,Julho,7,2021,1961.9690373290975
Cerrado,Pará,Julho,7,2022,2770.079216888432
Cerrado,Pará,Julho,7,2023,1002.0995864562998
Cerrado,Pará,Junho,6,2019,2495.6453150756834
Cerrado,Pará,Junho,6,2020,2434.157042504875
Cerrado,Pará,Junho,6,2021,22.641457373046837
Cerrado,Pará,Junho,6,2022,1434.12741793213
Cerrado,Pará,Junho,6,2023,997.923643463138
Cerrado,Pará,Maio,5,2019,313.1463641357444
Cerrado,Pará,Maio,5,2020,185.69740493164016
Cerrado,Pará,Maio,5,2021,376.96182705688534
Cerrado,Pará,Maio,5,2022,239.99795213623042
Cerrado,Pará,Maio,5,2023,42.33036114501951
Cerrado,Pará,Março,3,2019,0.7944415100097661
Cerrado,Pará,Março,3,2020,3.360008544921873
Cerrado,Pará,Março,3,2021,20.284356414794964
Cerrado,Pará,Março,3,2022,30.603772961425836
Cerrado,Pará,Março,3,2023,2.125434698486327
Cerrado,Pará,Novembro,11,2019,540.4731362976037
Cerrado,Pará,Novembro,11,2020,6.195664111328121
Cerrado,Pará,Novembro,11,2021,42.07558897094722
Cerrado,Pará,Novembro,11,2022,523.2407297668464
Cerrado,Pará,Novembro,11,2023,1600.5738776306086
Cerrado,Pará,Outubro,10,2019,866.0239688659672
Cerrado,Pará,Outubro,10,2020,43593.5302323375
Cerrado,Pará,Outubro,10,2021,2272.051479669211
Cerrado,Pará,Outubro,10,2022,27597.501649755817
Cerrado,Pará,Outubro,10,2023,1172.5008717895491
Cerrado,Pará,Setembro,9,2019,50073.152080427135
Cerrado,Pará,Setembro,9,2020,66745.40249772977
Cerrado,Pará,Setembro,9,2021,10851.932704730223
Cerrado,Pará,Setembro,9,2022,27713.49008274622
Cerrado,Pará,Setembro,9,2023,4295.748191668696
Cerrado,Piauí,Abril,4,2019,1004.3491071899431
Cerrado,Piauí,Abril,4,2020,1051.8144158020007
Cerrado,Piauí,Abril,4,2021,2972.314275305179
Cerrado,Piauí,Abril,4,2022,14771.8403243714
Cerrado,Piauí,Abril,4,2023,4908.350103942885
Cerrado,Piauí,Agosto,8,2019,116428.3734159065
Cerrado,Piauí,Agosto,8,2020,44690.63450418702
Cerrado,Piauí,Agosto,8,2021,184551.1203532897
Cerrado,Piauí,Agosto,8,2022,121235.70007824172
Cerrado,Piauí,Agosto,8,2023,104993.35351265303
Cerrado,Piauí,Dezembro,12,2019,84441.23898867193
Cerrado,Piauí,Dezembro,12,2020,12426.574251757786
Cerrado,Piauí,Dezembro,12,2021,7778.991371826189
Cerrado,Piauí,Dezembro,12,2022,6845.62262695922
Cerrado,Piauí,Dezembro,12,2023,62784.379856359854
Cerrado,Piauí,Fevereiro,2,2019,2065.0447412719727
Cerrado,Piauí,Fevereiro,2,2020,1068.954574389649
Cerrado,Piauí,Fevereiro,2,2021,2521.729089654536
Cerrado,Piauí,Fevereiro,2,2022,3672.7802484680246
Cerrado,Piauí,Fevereiro,2,2023,8648.955891040108
Cerrado,Piauí,Janeiro,1,2019,14045.84486846923
Cerrado,Piauí,Janeiro,1,2020,75085.15386910478
Cerrado,Piauí,Janeiro,1,2021,23934.945148883045
Cerrado,Piauí,Janeiro,1,2022,18049.438784399452
Cerrado,Piauí,Janeiro,1,2023,2853.389035601835
Cerrado,Piauí,Julho,7,2019,30808.396076623645
Cerrado,Piauí,Julho,7,2020,35244.297755938846
Cerrado,Piauí,Julho,7,2021,43339.384782946654
Cerrado,Piauí,Julho,7,2022,52825.41884403087
Cerrado,Piauí,Julho,7,2023,89197.12866904926
Cerrado,Piauí,Junho,6,2019,23429.230028027392
Cerrado,Piauí,Junho,6,2020,18029.082771008318
Cerrado,Piauí,Junho,6,2021,14065.659387261985
Cerrado,Piauí,Junho,6,2022,41055.06989547119
Cerrado,Piauí,Junho,6,2023,15285.425840563836
Cerrado,Piauí,Maio,5,2019,4448.569830108641
Cerrado,Piauí,Maio,5,2020,1370.9032681762658
Cerrado,Piauí,Maio,5,2021,6302.935911395259
Cerrado,Piauí,Maio,5,2022,16078.581826910373
Cerrado,Piauí,Maio,5,2023,21177.08688233029
Cerrado,Piauí,Março,3,2019,445.6395606323246
Cerrado,Piauí,Março,3,2020,486.66572078247054
Cerrado,Piauí,Março,3,2021,1081.2596054077164
Cerrado,Piauí,Março,3,2022,3190.886740246578
Cerrado,Piauí,Março,3,2023,1238.8004912475583
Cerrado,Piauí,Novembro,11,2019,148185.76734716794
Cerrado,Piauí,Novembro,11,2020,56504.84438349603
Cerrado,Piauí,Novembro,11,2021,42867.49542612357
Cerrado,Piauí,Novembro,11,2022,14720.872058312993
Cerrado,Piauí,Novembro,11,2023,88956.13165496239
Cerrado,Piauí,Outubro,10,2019,303919.61689064745
Cerrado,Piauí,Outubro,10,2020,407082.7776492115
Cerrado,Piauí,Outubro,10,2021,274147.4149225078
Cerrado,Piauí,Outubro,10,2022,586170.5551591595
Cerrado,Piauí,Outubro,10,2023,368900.52082768624
Cerrado,Piauí,Setembro,9,2019,435294.8998940464
Cerrado,Piauí,Setembro,9,2020,306031.24496950384
Cerrado,Piauí,Setembro,9,2021,316557.41106082103
Cerrado,Piauí,Setembro,9,2022,339420.5661453458
Cerrado,Piauí,Setembro,9,2023,557415.6272175844
Cerrado,Rondônia,Abril,4,2019,4.97503989868164
Cerrado,Rondônia,Abril,4,2021,7.337157275390627
Cerrado,Rondônia,Abril,4,2022,1.92169205932617
Cerrado,Rondônia,Abril,4,2023,0.5241028198242181
Cerrado,Rondônia,Agosto,8,2019,2671.4246585388255
Cerrado,Rondônia,Agosto,8,2020,778.7377104919425
Cerrado,Rondônia,Agosto,8,2021,371.62864251098426
Cerrado,Rondônia,Agosto,8,2022,352.624620123291
Cerrado,Rondônia,Agosto,8,2023,352.1444261352527
Cerrado,Rondônia,Dezembro,12,2019,16.941113696289065
Cerrado,Rondônia,Dezembro,12,2020,126.71631513671862
Cerrado,Rondônia,Dezembro,12,2021,10.917730468750001
Cerrado,Rondônia,Dezembro,12,2022,47.414893334960816
Cerrado,Rondônia,Dezembro,12,2023,77.32172967529299
Cerrado,Rondônia,Fevereiro,2,2019,95.59156264038083
Cerrado,Rondônia,Fevereiro,2,2020,0.61096455078125
Cerrado,Rondônia,Fevereiro,2,2021,1.2226065917968776
Cerrado,Rondônia,Fevereiro,2,2022,0.785634973144531
Cerrado,Rondônia,Fevereiro,2,2023,52.669618975830126
Cerrado,Rondônia,Janeiro,1,2020,5.239694769287107
Cerrado,Rondônia,Janeiro,1,2021,3.84265239257812
Cerrado,Rondônia,Janeiro,1,2022,1.833084698486326
Cerrado,Rondônia,Janeiro,1,2023,18.2553322448731
Cerrado,Rondônia,Julho,7,2019,1281.1457914367672
Cerrado,Rondônia,Julho,7,2020,144.98299876708984
Cerrado,Rondônia,Julho,7,2021,74.36805889892582
Cerrado,Rondônia,Julho,7,2022,120.10240784301733
Cerrado,Rondônia,Julho,7,2023,40.59716116333007
Cerrado,Rondônia,Junho,6,2019,154.29254616088897
Cerrado,Rondônia,Junho,6,2020,47.038199902343756
Cerrado,Rondônia,Junho,6,2021,37.0917888916016
Cerrado,Rondônia,Junho,6,2022,33.17592067871084
Cerrado,Rondônia,Junho,6,2023,1.9215945251464812
Cerrado,Rondônia,Maio,5,2019,3.142461364746093
Cerrado,Rondônia,Maio,5,2020,3.1422367126464885
Cerrado,Rondônia,Maio,5,2021,3.057112316894535
Cerrado,Rondônia,Maio,5,2022,0.2619906921386715
Cerrado,Rondônia,Maio,5,2023,12.053977172851567
Cerrado,Rondônia,Março,3,2019,0.436377630615234
Cerrado,Rondônia,Março,3,2023,1.397479095458989
Cerrado,Rondônia,Novembro,11,2019,56.68168560180667
Cerrado,Rondônia,Novembro,11,2020,703.2558691772456
Cerrado,Rondônia,Novembro,11,2022,923.055547717289
Cerrado,Rondônia,Novembro,11,2023,13.618050012207028
Cerrado,Rondônia,Outubro,10,2019,9.4303494506836
Cerrado,Rondônia,Outubro,10,2020,1453.3852737976085
Cerrado,Rondônia,Outubro,10,2021,107.76557108764624
Cerrado,Rondônia,Outubro,10,2022,2.357990411376949
Cerrado,Rondônia,Outubro,10,2023,50.14134741210933
Cerrado,Rondônia,Setembro,9,2019,1554.32783165285
Cerrado,Rondônia,Setembro,9,2020,1558.9994055542006
Cerrado,Rondônia,Setembro,9,2021,456.0849017211908
Cerrado,Rondônia,Setembro,9,2022,601.291773394775
Cerrado,Rondônia,Setembro,9,2023,172.2868565185546
Cerrado,São Paulo,Abril,4,2019,837.8144307739267
Cerrado,São Paulo,Abril,4,2020,848.8256882995618
Cerrado,São Paulo,Abril,4,2021,637.2183222778328
Cerrado,São Paulo,Abril,4,2022,585.6092297790528
Cerrado,São Paulo,Abril,4,2023,1376.7005135681202
Cerrado,São Paulo,Agosto,8,2019,4200.847414099123
Cerrado,São Paulo,Agosto,8,2020,5494.041197149658
Cerrado,São Paulo,Agosto,8,2021,6529.4611035217185
Cerrado,São Paulo,Agosto,8,2022,1209.7241583679217
Cerrado,São Paulo,Agosto,8,2023,2386.2361016418413
Cerrado,São Paulo,Dezembro,12,2019,19.54135478515624
Cerrado,São Paulo,Dezembro,12,2020,52.25093461914064
Cerrado,São Paulo,Dezembro,12,2021,474.85253565673867
Cerrado,São Paulo,Dezembro,12,2022,23.753351434326227
Cerrado,São Paulo,Dezembro,12,2023,160.893677148437
Cerrado,São Paulo,Fevereiro,2,2019,40.16114164428712
Cerrado,São Paulo,Fevereiro,2,2020,51.03433148193359
Cerrado,São Paulo,Fevereiro,2,2021,82.40407706909177
Cerrado,São Paulo,Fevereiro,2,2022,196.60342358398415
Cerrado,São Paulo,Fevereiro,2,2023,25.18517406616216
Cerrado,São Paulo,Janeiro,1,2019,192.33868970336886
Cerrado,São Paulo,Janeiro,1,2020,161.49137697143505
Cerrado,São Paulo,Janeiro,1,2022,38.32642862548831
Cerrado,São Paulo,Janeiro,1,2023,3.52195701293945
Cerrado,São Paulo,Julho,7,2019,2535.7780068603456
Cerrado,São Paulo,Julho,7,2020,3340.7021666320725
Cerrado,São Paulo,Julho,7,2021,3958.434456414798
Cerrado,São Paulo,Julho,7,2022,1777.2329212890634
Cerrado,São Paulo,Julho,7,2023,579.1745116088871
Cerrado,São Paulo,Junho,6,2019,1472.3577080139182
Cerrado,São Paulo,Junho,6,2020,1539.5397901611323
Cerrado,São Paulo,Junho,6,2021,969.6075468933094
Cerrado,São Paulo,Junho,6,2022,867.1599888244647
Cerrado,São Paulo,Junho,6,2023,2456.0862334289495
Cerrado,São Paulo,Maio,5,2019,794.2505567687974
Cerrado,São Paulo,Maio,5,2020,2325.5352911132745
Cerrado,São Paulo,Maio,5,2021,1235.18493312988
Cerrado,São Paulo,Maio,5,2022,720.4307316833493
Cerrado,São Paulo,Maio,5,2023,1878.2659347595254
Cerrado,São Paulo,Março,3,2019,461.16877977294985
Cerrado,São Paulo,Março,3,2020,497.9902403137203
Cerrado,São Paulo,Março,3,2021,476.21854497680584
Cerrado,São Paulo,Março,3,2022,66.85371041259756
Cerrado,São Paulo,Março,3,2023,269.4509726074214
Cerrado,São Paulo,Novembro,11,2019,260.962765917969
Cerrado,São Paulo,Novembro,11,2020,1273.608605798341
Cerrado,São Paulo,Novembro,11,2021,897.6644040405271
Cerrado,São Paulo,Novembro,11,2022,184.86897100830097
Cerrado,São Paulo,Novembro,11,2023,1221.6008955078137
Cerrado,São Paulo,Outubro,10,2019,3611.1986196655253
Cerrado,São Paulo,Outubro,10,2020,4343.197442407206
Cerrado,São Paulo,Outubro,10,2021,1164.8089600036622
Cerrado,São Paulo,Outubro,10,2022,807.2079053039549
Cerrado,São Paulo,Outubro,10,2023,321.6670385559087
Cerrado,São Paulo,Setembro,9,2019,2114.775815454097
Cerrado,São Paulo,Setembro,9,2020,16508.26027048349
Cerrado,São Paulo,Setembro,9,2021,21203.129384759468
Cerrado,São Paulo,Setembro,9,2022,2201.312676080332
Cerrado,São Paulo,Setembro,9,2023,2480.8036866394077
Cerrado,Tocantins,Abril,4,2019,1779.2502628784177
Cerrado,Tocantins,Abril,4,2020,3876.9883227600044
Cerrado,Tocantins,Abril,4,2021,2300.658235107423
Cerrado,Tocantins,Abril,4,2022,1786.1586637146004
Cerrado,Tocantins,Abril,4,2023,2626.683910491945
Cerrado,Tocantins,Agosto,8,2019,420531.8910429181
Cerrado,Tocantins,Agosto,8,2020,334248.8723290439
Cerrado,Tocantins,Agosto,8,2021,469084.9174203049
Cerrado,Tocantins,Agosto,8,2022,532631.5310703854
Cerrado,Tocantins,Agosto,8,2023,387992.6566437524
Cerrado,Tocantins,Dezembro,12,2019,4721.147801312255
Cerrado,Tocantins,Dezembro,12,2020,34201.89864859014
Cerrado,Tocantins,Dezembro,12,2021,708.1347701721188
Cerrado,Tocantins,Dezembro,12,2022,14322.13265461428
Cerrado,Tocantins,Dezembro,12,2023,6439.985280963132
Cerrado,Tocantins,Fevereiro,2,2019,1980.7725076049803
Cerrado,Tocantins,Fevereiro,2,2020,1546.5009750305176
Cerrado,Tocantins,Fevereiro,2,2021,328.9662878906255
Cerrado,Tocantins,Fevereiro,2,2022,1405.006926348875
Cerrado,Tocantins,Fevereiro,2,2023,539.6784659301751
Cerrado,Tocantins,Janeiro,1,2019,3796.8727218688973
Cerrado,Tocantins,Janeiro,1,2020,1696.3790520935067
Cerrado,Tocantins,Janeiro,1,2021,4098.72302991333
Cerrado,Tocantins,Janeiro,1,2022,1051.8528989501956
Cerrado,Tocantins,Janeiro,1,2023,758.8865611633308
Cerrado,Tocantins,Julho,7,2019,316942.4619859716
Cerrado,Tocantins,Julho,7,2020,165368.97192801567
Cerrado,Tocantins,Julho,7,2021,208030.22279002046
Cerrado,Tocantins,Julho,7,2022,293094.34347144247
Cerrado,Tocantins,Julho,7,2023,138562.05989192563
Cerrado,Tocantins,Junho,6,2019,128744.61622987023
Cerrado,Tocantins,Junho,6,2020,135256.06797103313
Cerrado,Tocantins,Junho,6,2021,59995.501379589485
Cerrado,Tocantins,Junho,6,2022,197903.37560492684
Cerrado,Tocantins,Junho,6,2023,134349.05278801898
Cerrado,Tocantins,Maio,5,2019,26818.67899263304
Cerrado,Tocantins,Maio,5,2020,29488.356077801593
Cerrado,Tocantins,Maio,5,2021,46947.18174019719
Cerrado,Tocantins,Maio,5,2022,52833.85110196535
Cerrado,Tocantins,Maio,5,2023,36249.62143049942
Cerrado,Tocantins,Março,3,2019,2506.033357122805
Cerrado,Tocantins,Março,3,2020,2446.410737152104
Cerrado,Tocantins,Março,3,2021,2886.134179577641
Cerrado,Tocantins,Março,3,2022,824.157455865478
Cerrado,Tocantins,Março,3,2023,831.0405761413576
Cerrado,Tocantins,Novembro,11,2019,39763.0194219116
Cerrado,Tocantins,Novembro,11,2020,76355.73093950166
Cerrado,Tocantins,Novembro,11,2021,2350.610048785401
Cerrado,Tocantins,Novembro,11,2022,50542.81105551151
Cerrado,Tocantins,Novembro,11,2023,59566.38667646411
Cerrado,Tocantins,Outubro,10,2019,359085.412090421
Cerrado,Tocantins,Outubro,10,2020,785187.2370913167
Cerrado,Tocantins,Outubro,10,2021,201442.3779284127
Cerrado,Tocantins,Outubro,10,2022,581284.1306713753
Cerrado,Tocantins,Outubro,10,2023,165862.65486563125
Cerrado,Tocantins,Setembro,9,2019,1228583.9803853333
Cerrado,Tocantins,Setembro,9,2020,840847.7824342345
Cerrado,Tocantins,Setembro,9,2021,618925.7064626692
Cerrado,Tocantins,Setembro,9,2022,478755.89157404576
Cerrado,Tocantins,Setembro,9,2023,464935.4052072514
