estacao_codigo,estacao_nome,latitude,longitude,altitude_m,data_inicial,data_final
A001,BRASILIA,-15.78944444,-47.92583332,1160.96,2019-01-01,2025-12-31
A002,GOIANIA,-16.64277777,-49.22027777,727.3,2019-01-01,2025-12-31
A003,MORRINHOS,-17.74499999,-49.10166666,751.09,2019-01-01,2025-12-31
A005,PORANGATU,-13.30944444,-49.11749999,365.0,2019-01-01,2025-12-31
A009,PALMAS,-10.14777777,-48.31444444,267.0,2019-01-01,2025-12-31
A010,PARANA,-12.615,-47.87194443,284.96,2019-01-01,2025-12-31
A011,SAO SIMAO,-18.96916666,-50.63333333,492.45,2019-01-01,2025-12-31
A012,LUZIANIA,-16.26055555,-47.96694443,1000.82,2019-01-01,2025-12-31
A013,ARAGARCAS,-15.90277777,-52.24527777,327.35,2019-01-01,2025-12-31
A014,GOIAS,-15.93972221,-50.14138888,512.86,2019-01-01,2025-12-31
A015,ITAPACI,-14.97972221,-49.53944444,551.0,2019-01-01,2025-12-31
A016,JATAI,-17.9236111,-51.71749999,670.08,2019-01-01,2025-12-31
A017,POSSE,-14.08916666,-46.36638888,830.0,2019-01-01,2025-12-31
A018,PEIXE,-12.01527777,-48.54444444,250.87,2019-01-01,2025-12-31
A019,GURUPI,-11.74499999,-49.05166666,274.0,2019-01-01,2025-12-31
A020,PEDRO AFONSO,-8.9686111,-48.17722221,189.71,2019-01-01,2025-12-31
A021,ARAGUAINA,-7.10388888,-48.20111111,230.76,2019-01-01,2025-12-31
A022,GOIANESIA,-15.22027777,-48.98999999,667.01,2019-01-01,2025-12-31
A023,CAIAPONIA,-16.96694443,-51.81749999,740.1,2019-01-01,2025-12-31
A024,ALTO PARAISO DE GOIAS,-14.13305554,-47.52333332,1264.7,2019-01-01,2025-12-31
A025,RIO VERDE,-17.78527777,-50.965,780.11,2019-01-01,2025-12-31
A026,MINEIROS,-17.45472222,-52.60111111,862.0,2019-01-01,2025-12-31
A027,PARAUNA,-16.9625,-50.42555554,678.74,2019-01-01,2025-12-31
A028,IPORA,-16.42305554,-51.14888888,610.41,2019-01-01,2025-12-31
A029,EDEIA,-17.33694444,-49.91472222,608.0,2019-01-01,2025-12-31
A031,SAO MIGUEL DO ARAGUAIA,-12.82055554,-50.33583333,210.0,2019-01-01,2025-12-31
A032,MONTE ALEGRE DE GOIAS,-13.25361111,-46.89027777,552.0,2019-01-01,2025-12-31
A033,PIRES DO RIO,-17.30416666,-48.28416666,757.27,2019-01-01,2025-12-31
A034,CATALAO,-18.15472222,-47.92749999,900.72,2019-01-01,2025-12-31
A035,ITUMBIARA,-18.40972222,-49.19194444,491.17,2019-01-01,2025-12-31
A036,CRISTALINA,-16.78499999,-47.61305555,1211.08,2019-01-01,2025-12-31
A037,SILVANIA,-16.67972221,-48.61805554,952.0,2019-01-01,2025-12-31
A038,DIANOPOLIS,-11.59444444,-46.84722221,727.87,2019-01-01,2025-12-31
A039,FORMOSO DO ARAGUAIA,-11.88749999,-49.60833333,215.2,2019-01-01,2025-12-31
A040,MATEIROS,-10.43444444,-45.92194443,791.0,2019-01-01,2025-12-31
A041,MARIANOPOLIS DO TO,-9.57638888,-49.72333332,186.69,2019-01-01,2025-12-31
A042,BRAZLANDIA,-15.6525,-48.20138888,1147.0,2019-01-01,2025-12-31
A043,CAMPOS LINDOS,-8.15472222,-46.63944444,426.56,2019-01-01,2025-12-31
A044,ARAGUATINS,-5.6436111,-48.11194444,130.71,2019-01-01,2025-12-31
A045,AGUAS EMENDADAS,-15.59638888,-47.62583332,1030.36,2019-01-01,2025-12-31
A046,GAMA (PONTE ALTA),-15.93527777,-48.13749999,990.0,2019-01-01,2025-12-31
A047,PARANOA (COOPA-DF),-16.01222222,-47.5575,1043.0,2019-01-01,2025-12-31
A048,SANTA FE DO ARAGUAIA,-7.12416666,-48.78138888,171.0,2019-01-01,2025-12-31
A049,COLINAS DO TOCANTINS,-8.09277777,-48.4786111,200.0,2019-01-01,2025-12-31
A050,RIO SONO,-9.793363,-47.132732,291.0,2019-01-01,2025-12-31
A051,PIUM,-10.47694443,-49.62944443,161.0,2019-01-01,2025-12-31
A052,SANTA ROSA DO TOCANTINS,-11.42888888,-48.18499999,306.0,2019-01-01,2025-12-31
A053,ALMAS,-11.28416666,-47.21222222,503.0,2019-01-01,2025-12-31
A054,ARAGUACU,-12.59222221,-49.5286111,231.0,2019-01-01,2025-12-31
A055,LAGOA DA CONFUSAO,-10.828286,-49.847882,178.0,2019-01-01,2025-12-31
A056,CRISTALINA (FAZENDA SANTA MONICA),-16.39944444,-47.62583332,932.0,2019-01-01,2025-12-31
A101,MANAUS,-3.10333333,-60.01638888,61.25,2019-01-01,2025-12-31
A102,PARQUE ESTADUAL CHANDLESS,-9.35833333,-69.92638888,184.51,2019-01-01,2025-12-31
A104,RIO BRANCO,-9.95916666,-67.86888888,163.0,2019-01-01,2025-12-31
A108,CRUZEIRO DO SUL,-7.61055555,-72.6811111,220.0,2019-01-01,2025-12-31
A109,EIRUNEPE,-6.65027777,-69.8686111,121.54,2019-01-01,2025-12-31
A110,BOCA DO ACRE,-8.77666666,-67.33249999,111.98,2019-01-01,2025-12-31
A111,LABREA,-7.26055555,-64.7886111,61.91,2019-01-01,2025-12-31
A112,HUMAITA,-7.5525,-63.07138888,53.56,2019-01-01,2025-12-31
A113,APUI,-7.20555555,-59.8886111,156.97,2019-01-01,2025-12-31
A117,COARI,-4.09749999,-63.14527777,33.84,2019-01-01,2025-12-31
A119,MANACAPURU,-3.29472221,-60.62833332,36.57,2019-01-01,2025-12-31
A120,AUTAZES,-3.58333333,-59.12944443,19.9,2019-01-01,2025-12-31
A121,ITACOATIARA,-3.13333333,-58.48277777,41.54,2019-01-01,2025-12-31
A122,MAUES,-3.39888888,-57.67388888,25.49,2019-01-01,2025-12-31
A123,PARINTINS,-2.63916666,-56.75611111,18.72,2019-01-01,2025-12-31
A124,URUCARA,-2.53472221,-57.75805555,18.49,2019-01-01,2025-12-31
A125,RIO URUBU,-2.6336111,-59.60055555,112.84,2019-01-01,2025-12-31
A126,PRESIDENTE FIGUEIREDO,-2.05666666,-60.02583332,60.99,2019-01-01,2025-12-31
A128,BARCELOS,-0.98722221,-62.92416666,29.88,2019-01-01,2025-12-31
A133,MANICORE,-5.7886111,-61.28833333,40.64,2019-01-01,2025-12-31
A134,S. G. DA CACHOEIRA,-0.12527777,-67.06111111,79.67,2019-01-01,2025-12-31
A135,BOA VISTA,2.81694443,-60.69083333,82.35,2019-01-01,2025-12-31
A136,PORTO WALTER,-8.26722221,-72.74777777,205.35,2019-01-01,2025-12-31
A137,MARECHAL THAUMATURGO,-8.95,-72.78666666,220.98,2019-01-01,2025-12-31
A138,FEIJO,-8.14277777,-70.3436111,157.17,2019-01-01,2025-12-31
A140,EPITACIOLANDIA,-11.02388888,-68.73527777,224.5,2019-01-01,2025-12-31
A144,NOVO ARIPUANA,-8.0911111,-60.38055554,45.0,2019-07-17,2025-12-31
A201,BELEM,-1.41111111,-48.43944444,21.17,2019-01-01,2025-12-31
A202,CASTANHAL,-1.30083333,-47.94805555,47.13,2019-01-01,2025-12-31
A203,SAO LUIS,-2.52666666,-44.21361111,54.8,2019-01-01,2025-12-31
A204,BALSAS,-7.45555555,-46.02749999,271.03,2019-01-01,2025-12-31
A205,CAROLINA,-7.33722221,-47.45972222,182.88,2019-01-01,2025-12-31
A206,CHAPADINHA,-3.74277777,-43.35222222,104.0,2019-01-01,2025-12-31
A207,GRAJAU,-5.81611111,-46.16222222,232.29,2019-01-01,2025-12-31
A209,MEDICILANDIA,-3.51083333,-52.96333333,251.68,2019-01-01,2025-12-31
A210,PACAJA,-3.8436111,-50.63805555,89.02,2019-01-01,2025-12-31
A211,PLACAS,-3.86416666,-54.21638888,100.45,2019-01-01,2025-12-31
A212,PARAGOMINAS,-2.90055555,-47.49499999,88.0,2019-01-01,2025-12-31
A213,TOME ACU,-2.59249999,-48.36055555,42.95,2019-01-01,2025-12-31
A214,RONDON DO PARA,-4.82749999,-48.1736111,203.0,2019-01-01,2025-12-31
A215,SALINOPOLIS,-0.61888888,-47.35666666,23.18,2019-01-01,2025-12-31
A216,SAO FELIX DO XINGU,-6.63972221,-51.95694444,211.0,2019-01-01,2025-12-31
A217,FAROL de SANTANA,-2.27083332,-43.62416666,9.87,2019-01-01,2025-12-31
A218,PREGUICAS,-2.59222221,-42.7075,4.62,2019-01-01,2025-12-31
A219,TURIACU,-1.66111111,-45.37249999,35.86,2019-01-01,2025-12-31
A220,BACABAL,-4.24305555,-44.79499999,22.33,2019-01-01,2025-12-31
A221,BARRA DO CORDA,-5.50666666,-45.23694444,154.19,2019-01-01,2025-12-31
A222,COLINAS,-6.03305554,-44.23333333,175.37,2019-01-01,2025-12-31
A223,ALTO PARNAIBA,-9.10833333,-45.93194443,283.69,2019-01-01,2025-12-31
A224,ESTREITO,-6.65333333,-47.41833332,182.96,2019-01-01,2025-12-31
A225,IMPERATRIZ,-5.55583333,-47.45972222,117.96,2019-01-01,2025-12-31
A226,BRAGANCA,-1.05583333,-46.78277777,5.6,2019-01-01,2025-12-31
A227,SOURE,-0.72777777,-48.51583333,12.54,2019-01-01,2025-12-31
A228,BREVES,-1.68027777,-50.47805554,11.0,2019-01-01,2025-12-31
A229,TUCURUI,-3.82277777,-49.67499999,137.94,2019-01-01,2025-12-31
A230,SERRA DOS CARAJAS,-6.07749999,-50.14222221,707.0,2019-01-01,2025-12-31
A231,ITAITUBA,-4.27694443,-55.99305555,24.46,2019-01-01,2025-12-31
A232,OBIDOS,-1.88083332,-55.51972221,89.64,2019-01-01,2025-12-31
A233,SANTANA DO ARAGUAIA,-9.34055555,-50.35027777,154.0,2019-01-01,2025-12-31
A234,TUCUMA,-6.74333333,-51.14194444,320.93,2019-01-01,2025-12-31
A235,NOVO REPARTIMENTO,-4.24388888,-49.93944444,100.76,2019-01-01,2025-12-31
A236,CAMETA,-2.23972221,-49.49972221,9.92,2019-01-01,2025-12-31
A237,CAXIAS,-4.82138888,-43.3436111,84.85,2019-01-01,2025-12-31
A238,BURITICUPU,-4.32055554,-46.44944444,174.91,2019-01-01,2025-12-31
A239,MONTE ALEGRE,-2.0,-54.07638888,100.53,2019-01-01,2025-12-31
A240,MARABA,-5.36638888,-49.05111111,116.58,2019-01-01,2025-12-31
A241,CONCEICAO DO ARAGUAIA,-8.30361111,-49.28277777,175.74,2019-01-01,2025-12-31
A242,OIAPOQUE,3.81361111,-51.8625,15.14,2019-01-01,2025-12-31
A244,PORTO GRANDE,0.69416666,-51.40388888,84.8,2019-01-01,2025-12-31
A245,PORTO DE MOZ,-1.82194443,-52.11166666,19.0,2022-04-06,2025-12-31
A246,MINA DO PALITO,-6.31999999,-55.78777777,259.88,2019-01-01,2025-12-31
A247,XINGUARA,-7.11055555,-49.9261111,245.0,2019-01-01,2025-12-31
A248,CAPITAO POCO,-1.73472221,-47.0575,79.1,2019-01-01,2025-12-31
A249,MACAPA,0.03499999,-51.08888888,16.62,2019-01-01,2025-12-31
A250,SANTAREM,-2.5025,-54.72027777,137.0,2019-01-01,2025-12-31
A251,ITAUBAL,0.56777777,-50.8236111,21.0,2019-01-01,2025-12-31
A252,DOM ELISEU,-4.28055554,-47.56388888,251.0,2019-01-01,2025-12-31
A253,ALTAMIRA,-3.26999999,-52.39472221,191.0,2019-01-01,2025-12-31
A254,REDENCAO,-8.04333333,-50.00694444,199.0,2019-07-10,2025-12-31
A255,ZE DOCA,-3.26916666,-45.65111111,45.5,2019-09-17,2025-12-31
A256,SANTA MARIA DAS BARREIRAS,-8.72972221,-49.85638888,165.0,2020-12-17,2025-12-31
A301,RECIFE,-8.05916666,-34.95916666,11.3,2019-01-01,2021-11-11
A302,ARQ.SAO PEDRO E SAO PAULO,0.91694443,-29.34583333,15.0,2019-01-01,2021-04-25
A303,MACEIO,-9.55111111,-35.77027777,84.12,2019-01-01,2025-12-31
A304,NATAL,-5.83722221,-35.20805555,47.46,2019-01-01,2025-12-31
A305,FORTALEZA,-3.81583333,-38.53777777,29.55,2019-01-01,2025-12-31
A306,SOBRAL,-3.74805555,-40.34583333,92.07,2019-01-01,2025-12-31
A307,PETROLINA,-9.38833333,-40.52333332,372.72,2019-01-01,2025-12-31
A308,PARNAIBA,-3.08666666,-41.78305554,52.11,2019-01-01,2025-12-31
A309,ARCO VERDE,-8.4336111,-37.05555555,683.95,2019-01-01,2025-12-31
A310,AREIA,-6.97555554,-35.71805554,573.45,2019-01-01,2025-12-31
A311,FLORIANO,-6.76138888,-43.00333333,126.39,2019-01-01,2025-12-31
A312,TERESINA,-5.03472221,-42.80138888,75.23,2019-01-01,2025-12-31
A313,CAMPINA GRANDE,-7.22555554,-35.90472222,546.17,2019-01-01,2025-12-31
A314,GUARAMIRANGA,-4.22916666,-38.95888888,865.53,2019-01-01,2025-12-31
A315,BARBALHA,-7.30083333,-39.2711111,409.41,2019-01-01,2025-12-31
A316,CAICO,-6.46749999,-37.08499999,171.26,2019-01-01,2025-12-31
A317,MACAU,-5.15111111,-36.57305554,17.37,2019-01-01,2025-12-31
A318,MOSSORO,-4.90416666,-37.36694443,29.44,2019-01-01,2025-12-31
A319,IGUATU,-6.39638888,-39.26888888,221.56,2019-01-01,2025-12-31
A320,JOAO PESSOA,-7.14083333,-34.85083333,43.0,2019-01-01,2025-12-31
A321,PATOS,-7.07972221,-37.27277777,263.66,2019-01-01,2025-12-31
A322,GARANHUNS,-8.91083333,-36.49333333,827.78,2019-01-01,2025-12-31
A323,PAO DE ACUCAR,-9.74916666,-37.43083332,20.83,2019-01-01,2025-12-31
A324,TAUA,-6.01749999,-40.28138888,410.87,2019-01-01,2025-12-31
A325,QUIXERAMOBIM,-5.17444443,-39.28944444,221.04,2019-01-01,2025-12-31
A326,BOM JESUS DO PIAUI,-9.07999999,-44.32777777,288.0,2019-01-01,2025-12-31
A327,PALMEIRA DOS INDIOS,-9.42027777,-36.62027777,278.01,2019-01-01,2025-12-31
A328,SURUBIM,-7.84249999,-35.79027777,421.44,2019-01-01,2025-12-31
A329,CABROBO,-8.50388888,-39.31527777,342.74,2019-01-01,2025-12-31
A330,PAULISTANA,-8.13222221,-41.14305555,376.0,2019-01-01,2025-12-31
A331,SAO JOAO DO PIAUI,-8.36444444,-42.2525,231.0,2019-01-01,2025-12-31
A332,MORADA NOVA,-5.0911111,-38.36472222,93.0,2019-01-01,2025-12-31
A333,SAO GONCALO,-6.83583333,-38.31166666,237.04,2019-01-01,2025-12-31
A334,MONTEIRO,-7.89444444,-37.12472221,606.39,2019-01-01,2025-12-31
A335,PIRIPIRI,-4.2761111,-41.79444444,157.89,2019-01-01,2025-12-31
A336,ALVORADA DO GURGUEIA,-8.37638888,-43.85944444,225.0,2019-01-01,2025-12-31
A337,CARACOL,-9.28583333,-43.32444443,515.3,2019-01-01,2025-12-31
A339,JAGUARUANA,-4.83777777,-37.69972221,12.0,2019-01-01,2025-12-31
A340,APODI,-5.62666666,-37.815,131.41,2019-01-01,2025-12-31
A341,CARUARU,-8.35611111,-36.02833332,837.0,2019-01-01,2025-12-31
A342,CRATEUS,-5.18666666,-40.67222221,298.19,2019-01-01,2025-12-31
A343,PICOS,-7.0711111,-41.40416666,232.91,2019-01-01,2025-12-31
A344,CALCANHAR,-5.16,-35.48749999,9.82,2019-01-01,2025-12-31
A345,SAO RAIMUNDO NONATO,-9.03305554,-42.70111111,385.0,2019-01-01,2025-12-31
A346,URUCUI,-7.44138888,-44.34499999,398.83,2019-01-01,2025-12-31
A347,CAMPOS SALES,-7.07777777,-40.36277777,577.95,2019-01-01,2025-12-31
A348,CABACEIRAS,-7.48333333,-36.28638888,391.96,2019-01-01,2025-12-31
A349,IBIMIRIM,-8.50944444,-37.71166666,434.23,2019-01-01,2025-12-31
A350,SERRA TALHADA,-7.95416666,-38.29499999,499.02,2019-01-01,2025-12-31
A351,FLORESTA,-8.59888888,-38.58416666,327.42,2019-01-01,2025-12-31
A352,CAMARATUBA,-6.56194444,-35.13527777,135.51,2019-01-01,2025-12-31
A353,ARAPIRACA,-9.80444444,-36.61916666,236.84,2019-01-01,2025-12-31
A354,OEIRAS,-6.97416666,-42.14694444,154.03,2019-01-01,2025-12-31
A355,CORURIPE,-10.1286111,-36.28638888,82.39,2019-01-01,2025-12-31
A356,SAO LUIS DO QUITUNDE,-9.28749999,-35.56583333,13.69,2019-01-01,2025-12-31
A357,PALMARES,-8.66666666,-35.56805554,164.01,2019-01-01,2025-12-31
A358,JAGUARIBE,-5.90555555,-38.62777777,149.31,2019-01-01,2025-12-31
A359,ITAPIPOCA,-3.48416666,-39.5886111,104.49,2019-01-01,2025-12-31
A360,ACARAU,-3.1211111,-40.08722221,67.15,2019-01-01,2025-12-31
A361,CASTELO DO PIAUI,-5.34916666,-41.51222222,268.75,2019-01-01,2025-12-31
A362,SAO PEDRO DO PIAUI,-5.91111111,-42.7186111,295.81,2019-01-01,2019-11-12
A363,VALENCA DO PIAUI,-6.4236111,-41.74888888,372.0,2019-01-01,2025-12-31
A364,GILBUES,-9.87527777,-45.34583333,425.1,2019-01-01,2025-12-31
A365,CANTO DO BURITI,-8.11805554,-42.97583332,312.07,2019-01-01,2025-12-31
A366,OURICURI,-7.88583333,-40.10277777,457.85,2019-01-01,2025-12-31
A367,SANTA CRUZ,-6.22805554,-36.02666666,227.49,2019-01-01,2025-12-31
A368,TIANGUA,-3.73222221,-41.01194444,756.0,2019-01-01,2025-12-31
A369,QUIXADA,-4.97888888,-39.05722222,193.0,2019-01-01,2025-12-31
A370,SALGUEIRO,-8.05805555,-39.0961111,447.0,2019-01-01,2025-12-31
A371,PIRANHAS,-9.62222221,-37.76722221,187.0,2019-01-01,2025-12-31
A372,IPANGUACU,-5.53499999,-36.87222221,19.0,2019-01-01,2025-12-31
A373,ITAPORANGA,-7.31833332,-38.14083333,292.0,2019-01-01,2025-12-31
A374,CORRENTE,-10.42916666,-45.17305554,452.0,2019-01-01,2025-12-31
A375,BAIXA GRANDE DO RIBEIRO,-8.333531,-45.094625,519.0,2019-01-01,2025-12-31
A376,CAMPO MAIOR,-4.86416666,-42.14555555,125.0,2019-01-01,2025-12-31
A377,ANGICAL DO PIAUI,-6.08944444,-42.72749999,183.0,2019-11-13,2025-12-31
A401,SALVADOR,-13.00555555,-38.50583333,47.56,2019-01-01,2025-12-31
A402,BARREIRAS,-12.12472221,-45.02694443,474.17,2019-01-01,2025-12-31
A404,LUIS EDUARDO MAGALHAES,-12.1525,-45.82972221,760.68,2019-01-01,2025-12-31
A405,CARAVELAS,-17.73944444,-39.25861111,6.05,2019-01-01,2025-12-31
A406,CRUZ DAS ALMAS,-12.67555554,-39.08944444,219.76,2019-01-01,2025-12-31
A407,ITIRUCU,-13.52777777,-40.11972221,757.42,2019-01-01,2025-12-31
A408,ITABERABA,-12.52416666,-40.29972221,250.11,2019-01-01,2025-12-31
A409,ARACAJU,-10.9525,-37.05444444,3.72,2019-01-01,2025-12-31
A410,ILHEUS,-14.65888888,-39.18138888,80.21,2019-01-01,2025-12-31
A412,MACAJUBA,-12.13166666,-40.35416666,360.0,2019-01-01,2025-12-31
A413,FEIRA DE SANTANA,-12.1961111,-38.96749999,229.64,2019-01-01,2025-12-31
A414,VITORIA DA CONQUISTA,-14.88638888,-40.80138888,879.38,2019-01-01,2025-12-31
A415,SANTA RITA DE CASSIA,-11.00333333,-44.53638888,450.0,2019-01-01,2025-12-31
A416,CORRENTINA,-13.33249999,-44.61749999,551.71,2019-01-01,2025-12-31
A417,ITABAIANINHA,-11.27249999,-37.79499999,204.8,2019-01-01,2025-12-31
A418,BOM JESUS DA LAPA,-13.25111111,-43.40527777,447.75,2019-01-01,2025-12-31
A419,POCO VERDE,-10.73805555,-38.10833333,367.01,2019-01-01,2025-12-31
A420,CARIRA,-10.39972221,-37.74749999,289.92,2019-01-01,2022-09-04
A421,BREJO GRANDE,-10.47388888,-36.48194443,6.11,2019-01-01,2025-12-31
A422,ABROLHOS,-17.96305555,-38.70333333,20.93,2019-01-01,2025-12-31
A423,REMANSO,-9.62555554,-42.07722221,397.4,2019-01-01,2025-12-31
A424,IRECE,-11.32888888,-41.86444444,768.42,2019-01-01,2025-12-31
A425,LENCOIS,-12.55777777,-41.38888888,438.09,2019-01-01,2025-12-31
A426,GUANAMBI,-14.20805555,-42.74972221,552.23,2019-01-01,2025-12-31
A427,PORTO SEGURO,-16.38888888,-39.18249999,86.36,2019-01-01,2025-12-31
A428,SENHOR DO BONFIM,-10.44305555,-40.14833333,532.09,2019-01-01,2025-12-31
A429,BARRA,-11.08472221,-43.13888888,407.5,2019-01-01,2025-12-31
A430,PIATA,-13.15555555,-41.77416666,1283.95,2019-01-01,2025-12-31
A431,CONDE,-12.03583333,-37.68388888,31.9,2019-01-01,2025-12-31
A432,BURITIRAMA,-10.72305554,-43.65111111,506.06,2019-01-01,2025-12-31
A433,BRUMADO,-14.18194443,-41.67222221,473.37,2019-01-01,2025-12-31
A434,AMARGOSA,-13.00944444,-39.61694443,397.8,2019-01-01,2025-12-31
A435,UAUA,-9.8336111,-39.49555555,450.6,2019-01-01,2022-09-08
A436,QUEIMADAS,-10.98472221,-39.61694443,310.11,2019-01-01,2025-12-31
A437,UNA,-15.28027777,-39.09138888,74.08,2019-01-01,2025-12-31
A438,MARAU,-13.90694444,-38.97222221,6.24,2019-01-01,2025-12-31
A439,IBOTIRAMA,-12.19305555,-43.21333333,425.12,2019-01-01,2025-12-31
A440,JACOBINA,-11.205,-40.465,440.78,2019-01-01,2025-12-31
A441,SERRINHA,-11.66472222,-39.02305554,337.79,2019-01-01,2025-12-31
A442,EUCLIDES DA CUNHA,-10.53722221,-38.99666666,431.96,2019-01-01,2025-12-31
A443,DELFINO,-10.455,-41.20694444,646.24,2019-01-01,2025-12-31
A444,VALENCA,-13.3436111,-39.12666666,93.12,2019-01-01,2025-12-31
A445,IPIAU,-14.17138888,-39.69249999,132.11,2019-01-01,2025-12-31
A446,ITAPETINGA,-15.24472221,-40.22944443,271.48,2019-01-01,2025-12-31
A447,BELMONTE,-16.08805555,-39.21527777,89.67,2019-01-01,2025-12-31
A448,CURACA,-9.00138888,-39.9125,370.0,2019-01-01,2025-12-31
A449,PILAO ARCADO,-10.01833332,-42.50027777,385.0,2019-01-01,2022-09-12
A450,JEREMOABO,-10.08083332,-38.34583333,261.0,2019-01-01,2025-12-31
A451,ITABAIANA,-10.67166666,-37.47138888,213.0,2019-01-01,2025-12-31
A452,FORMOSA DO RIO PRETO,-11.05222222,-45.20083333,488.0,2019-01-01,2025-12-31
A453,NOSSA SENHORA DA GLORIA,-10.20777777,-37.43194443,271.0,2019-01-01,2025-12-31
A454,MACAUBAS,-13.03888888,-42.61722221,574.0,2019-01-01,2019-04-21
A455,ITAMARAJU,-17.00694444,-39.55805555,110.0,2019-01-01,2025-12-31
A456,SALVADOR (RADIO FAROL),-12.80833333,-38.49583333,31.0,2019-01-01,2025-12-31
A458,RIBEIRA DO AMPARO,-11.05861111,-38.44416666,182.0,2019-01-01,2025-12-31
A502,BARBACENA,-21.22833332,-43.76777777,1168.76,2019-01-01,2025-12-31
A505,ARAXA,-19.60583333,-46.94972221,1018.32,2019-01-01,2025-12-31
A506,MONTES CLAROS,-16.68638888,-43.84388888,645.87,2019-01-01,2025-12-31
A507,UBERLANDIA,-18.91694443,-48.25555555,874.77,2019-01-01,2025-12-31
A508,ALMENARA,-16.16666666,-40.68777777,189.11,2019-01-01,2025-12-31
A509,MONTE VERDE,-22.86166666,-46.04333333,1544.89,2019-01-01,2025-12-31
A510,VICOSA,-20.7625,-42.86388888,697.64,2019-01-01,2025-12-31
A511,TIMOTEO,-19.57388888,-42.62249999,493.42,2019-01-01,2025-12-31
A512,ITUIUTABA,-18.95277777,-49.52499999,540.08,2019-01-01,2025-12-31
A513,OURO BRANCO,-20.55666666,-43.75611111,1048.2,2019-01-01,2025-12-31
A514,SAO JOAO DEL REI,-21.10638888,-44.25083333,929.88,2019-01-01,2025-12-31
A515,VARGINHA,-21.56638888,-45.40416666,949.78,2019-01-01,2025-12-31
A516,PASSOS,-20.74527777,-46.63388888,781.7,2019-01-01,2025-12-31
A517,MURIAE,-21.105,-42.37583332,282.79,2019-01-01,2025-12-31
A518,JUIZ DE FORA,-21.76999999,-43.36444444,936.88,2019-01-01,2025-12-31
A519,CAMPINA VERDE,-19.53916666,-49.51805554,559.07,2019-01-01,2025-12-31
A520,CONCEICAO DAS ALAGOAS,-19.98583333,-48.15166666,572.54,2019-01-01,2025-12-31
A521,BELO HORIZONTE - PAMPULHA,-19.88388888,-43.96944443,854.02,2019-01-01,2025-12-31
A522,SERRA DOS AIMORES,-17.79888888,-40.25,211.97,2019-01-01,2025-12-31
A523,PATROCINIO,-18.99666666,-46.98583333,978.11,2019-01-01,2025-12-31
A524,FORMIGA,-20.455,-45.45388888,878.14,2019-01-01,2025-12-31
A525,SACRAMENTO,-19.87527777,-47.43416666,913.12,2019-01-01,2025-12-31
A526,MONTALVANIA,-14.40833333,-44.40416666,519.52,2019-01-01,2025-12-31
A527,TEOFILO OTONI,-17.89277777,-41.51555555,467.17,2019-01-01,2025-12-31
A528,TRES MARIAS,-18.20083333,-45.45972222,931.01,2019-01-01,2025-12-31
A529,PASSA QUATRO,-22.39583333,-44.96194444,1017.1,2019-01-01,2025-12-31
A530,CALDAS,-21.91805554,-46.38305554,1077.34,2019-01-01,2025-12-31
A531,MARIA DA FE,-22.31444444,-45.37305554,1281.43,2019-01-01,2025-12-31
A532,GOVERNADOR VALADARES,-18.83027777,-41.97694443,198.24,2019-01-01,2025-12-31
A533,GUANHAES,-18.78694444,-42.94305555,852.68,2019-01-01,2025-12-31
A534,AIMORES,-19.53277777,-41.09083333,301.0,2019-01-01,2025-12-31
A535,FLORESTAL,-19.88527777,-44.41694443,753.5,2019-01-01,2025-12-31
A536,DORES DO INDAIA,-19.48194443,-45.59388888,721.09,2019-01-01,2025-12-31
A537,DIAMANTINA,-18.231052,-43.648269,1359.25,2019-01-01,2025-12-31
A538,CURVELO,-18.74777777,-44.45388888,669.48,2019-01-01,2025-12-31
A539,MOCAMBINHO,-15.08583333,-44.01611111,454.0,2019-01-01,2025-12-31
A540,MANTENA,-18.78055554,-40.98638888,254.91,2019-01-01,2025-12-31
A541,CAPELINHA,-17.70555555,-42.38916666,932.06,2019-01-01,2025-12-31
A542,UNAI,-16.55416666,-46.88194443,640.85,2019-01-01,2025-12-31
A543,ESPINOSA,-14.91222222,-42.80861111,565.36,2019-01-01,2025-12-31
A544,BURITIS,-15.52416666,-46.43555555,894.0,2019-01-01,2025-12-31
A545,PIRAPORA,-17.258064,-44.835556,505.32,2019-01-01,2025-12-31
A546,GUARDA-MOR,-17.56138888,-47.19916666,997.01,2019-01-01,2025-12-31
A547,SAO ROMAO,-16.36277777,-45.12388888,490.29,2019-01-01,2025-12-31
A548,CHAPADA GAUCHA,-15.30027777,-45.61749999,873.2,2019-01-01,2025-12-31
A549,AGUAS VERMELHAS,-15.75166666,-41.45777777,754.07,2019-01-01,2025-12-31
A550,ITAOBIM,-16.57555554,-41.48555555,271.63,2019-01-01,2025-12-31
A551,RIO PARDO DE MINAS,-15.72305554,-42.43583333,850.06,2019-01-01,2025-12-31
A552,SALINAS,-16.16027777,-42.31027777,487.14,2019-01-01,2025-12-31
A553,JOAO PINHEIRO,-17.78444444,-46.11944443,877.05,2019-01-01,2025-12-31
A554,CARATINGA,-19.73583333,-42.13722221,609.25,2019-01-01,2025-12-31
A555,IBIRITE (ROLA MOCA),-20.03138888,-44.01111111,1198.82,2019-01-01,2025-12-31
A556,MANHUACU,-20.26333333,-42.18277777,819.47,2019-01-01,2025-12-31
A557,CORONEL PACHECO,-21.54666666,-43.26111111,411.14,2019-01-01,2025-12-31
A559,JANUARIA,-15.44805555,-44.36638888,468.0,2019-01-01,2025-12-31
A560,POMPEU,-19.23249999,-44.96416666,705.0,2019-01-01,2025-12-31
A561,SAO SEBASTIAO DO PARAISO,-20.91,-47.11416666,845.0,2019-01-01,2025-12-31
A562,PATOS DE MINAS,-18.52055554,-46.44055555,950.0,2019-01-01,2025-12-31
A563,NOVA PORTEIRINHA (JANAUBA),-15.80277777,-43.29694444,532.0,2019-01-01,2025-12-31
A564,DIVINOPOLIS,-20.17333332,-44.87499999,796.0,2019-01-01,2025-12-31
A565,BAMBUI,-20.0311111,-46.00888888,697.0,2019-01-01,2025-12-31
A566,ARACUAI,-16.84888888,-42.03527777,308.0,2019-01-01,2025-12-31
A567,MACHADO,-21.68083332,-45.94444444,969.0,2019-01-01,2025-12-31
A568,UBERABA,-19.71,-47.96194444,778.0,2019-01-01,2025-12-31
A569,SETE LAGOAS,-19.45527777,-44.17333332,719.0,2019-01-01,2025-12-31
A570,OLIVEIRA,-20.715,-44.86444444,1025.0,2019-01-01,2025-12-31
A571,PARACATU,-17.24444444,-46.88166666,705.0,2019-01-01,2025-12-31
A601,SEROPEDICA-ECOLOGIA AGRICOLA,-22.75777777,-43.68472221,35.0,2019-01-01,2025-12-31
A602,RIO DE JANEIRO-MARAMBAIA,-23.05027777,-43.59555555,12.0,2019-01-01,2025-12-31
A603,DUQUE DE CAXIAS - XEREM,-22.58972221,-43.28222221,22.0,2019-01-01,2025-12-31
A604,CAMBUCI,-21.58749999,-41.95833333,46.0,2019-01-01,2025-12-31
A606,ARRAIAL DO CABO,-22.97527777,-42.02138888,5.0,2019-01-01,2025-12-31
A607,CAMPOS DOS GOYTACAZES,-21.71472222,-41.34388888,17.0,2019-01-01,2025-12-31
A608,MACAE,-22.3761111,-41.81194444,28.0,2019-01-01,2025-12-31
A609,RESENDE,-22.45138888,-44.44499999,438.83,2019-01-01,2025-12-31
A610,PICO DO COUTO,-22.46472222,-43.29138888,1777.0,2019-01-01,2025-12-31
A611,VALENCA,-22.35805555,-43.69555555,370.0,2019-01-01,2025-12-31
A612,VITORIA,-20.27083332,-40.30583333,9.0,2019-01-01,2025-12-31
A613,SANTA TERESA,-19.98833333,-40.57944443,975.92,2019-01-01,2025-12-31
A614,LINHARES,-19.35694444,-40.0686111,40.0,2019-01-01,2025-12-31
A615,ALFREDO CHAVES,-20.63638888,-40.74194444,14.19,2019-01-01,2025-12-31
A616,SAO MATEUS,-18.6761111,-39.86416666,28.66,2019-01-01,2025-12-31
A617,ALEGRE,-20.75055555,-41.48888888,138.0,2019-01-01,2025-12-31
A618,TERESOPOLIS-PARQUE NACIONAL,-22.4486111,-42.98694444,981.0,2019-01-01,2025-12-31
A619,PARATY,-23.2236111,-44.72694443,3.0,2019-01-01,2025-12-31
A620,CAMPOS DOS GOYTACAZES - SAO TOME,-22.04166666,-41.05166666,7.0,2019-01-01,2025-12-31
A621,RIO DE JANEIRO - VILA MILITAR,-22.86138888,-43.41138888,30.43,2019-01-01,2025-12-31
A622,PRESIDENTE KENNEDY,-21.10083333,-41.03944444,69.12,2019-01-01,2025-12-31
A623,NOVA VENECIA,-18.69527777,-40.39055555,156.02,2019-01-01,2023-05-15
A624,NOVA FRIBURGO - SALINAS,-22.33472221,-42.67694443,1070.0,2019-01-01,2025-12-31
A625,TRES RIOS,-22.09833333,-43.20833333,295.0,2019-01-01,2025-12-31
A626,RIO CLARO,-22.653579,-44.040916,516.0,2019-01-01,2025-12-31
A627,NITEROI,-22.86749999,-43.10194444,6.0,2019-01-01,2025-12-31
A628,ANGRA DOS REIS,-22.97555554,-44.30333333,6.0,2019-01-01,2025-12-31
A629,CARMO,-21.9386111,-42.60083333,293.0,2019-01-01,2025-12-31
A630,SANTA MARIA MADALENA,-21.95055555,-42.01027777,586.0,2019-01-01,2025-12-31
A631,ECOPORANGA,-18.29138888,-40.73638888,224.0,2019-01-01,2025-12-31
A632,MARILANDIA,-19.40722222,-40.53972221,95.0,2019-01-01,2025-12-31
A633,VENDA NOVA DO IMIGRANTE,-20.38555555,-41.18999999,722.0,2019-01-01,2025-12-31
A634,VILA VELHA,-20.46694443,-40.40388888,25.0,2019-01-01,2025-12-31
A635,ITATIAIA - AGULHAS NEGRAS,-22.37388888,-44.70305555,2450.0,2019-01-01,2022-11-07
A636,RIO DE JANEIRO - JACAREPAGUA,-22.93999999,-43.40277777,20.0,2019-01-01,2025-12-31
A637,PATY DO ALFERES - AVELAR,-22.34722221,-43.41777777,508.0,2022-11-09,2025-12-31
A652,RIO DE JANEIRO - FORTE DE COPACABANA,-22.98833333,-43.19055555,25.59,2019-01-01,2025-12-31
A657,AFONSO CLAUDIO,-20.10416666,-41.10694444,507.48,2019-01-01,2025-12-31
A659,SILVA JARDIM,-22.64583333,-42.41555555,19.0,2019-01-01,2025-12-31
A667,SAQUAREMA - SAMPAIO CORREIA,-22.8711111,-42.60888888,26.0,2019-01-01,2025-12-31
A701,SAO PAULO - MIRANTE,-23.4962888,-46.6200666,785.64,2019-01-01,2025-12-31
A702,CAMPO GRANDE,-20.44722221,-54.72249999,528.47,2019-01-01,2025-12-31
A703,PONTA PORA,-22.5525,-55.71638888,668.0,2019-01-01,2025-12-31
A704,TRES LAGOAS,-20.79499999,-51.71333333,328.94,2019-01-01,2025-12-31
A705,BAURU,-22.35805555,-49.02888888,636.17,2019-01-01,2025-12-31
A706,CAMPOS DO JORDAO,-22.75027777,-45.60388888,1662.95,2019-01-01,2025-12-31
A707,PRESIDENTE PRUDENTE,-22.11999999,-51.40861111,431.92,2019-01-01,2025-12-31
A708,FRANCA,-20.58444444,-47.38249999,1002.74,2019-01-01,2025-12-31
A709,IVINHEMA,-22.30055555,-53.82277777,377.36,2019-01-01,2025-12-31
A710,PARANAIBA,-19.69555555,-51.18166666,408.06,2019-01-01,2025-12-31
A711,SAO CARLOS,-21.98027777,-47.88388888,859.29,2019-01-01,2025-12-31
A712,IGUAPE,-24.67166666,-47.54583333,2.7,2019-01-01,2025-12-31
A713,IPERO,-23.4261111,-47.58555555,609.33,2019-01-01,2025-12-31
A714,ITAPEVA,-23.98194443,-48.88583333,743.33,2019-01-01,2025-12-31
A715,SAO MIGUEL ARCANJO,-23.89083333,-47.99916666,710.0,2019-01-01,2025-12-31
A716,OURINHOS,-23.00055555,-49.84333333,500.0,2019-01-01,2025-12-31
A717,NHUMIRIM,-18.9886111,-56.62277777,102.26,2019-01-01,2025-12-31
A718,RANCHARIA,-22.37277777,-50.97472221,398.75,2019-01-01,2025-12-31
A719,AQUIDAUANA,-20.47555554,-55.78388888,151.35,2019-01-01,2025-12-31
A721,DOURADOS,-22.19388888,-54.91138888,463.3,2019-01-01,2025-12-31
A722,MIRANDA,-20.39555555,-56.43166666,132.49,2019-01-01,2025-12-31
A723,PORTO MURTINHO,-21.70583333,-57.88666666,78.56,2019-01-01,2025-12-31
A724,CORUMBA,-18.99666666,-57.63749999,111.73,2019-01-01,2025-12-31
A725,AVARE,-23.10166666,-48.9411111,776.36,2019-01-01,2025-12-31
A726,PIRACICABA,-22.70305555,-47.62333332,566.46,2019-01-01,2025-12-31
A727,LINS,-21.66611111,-49.73472221,460.65,2019-01-01,2025-12-31
A728,TAUBATE,-23.04166666,-45.52083332,582.26,2019-01-01,2025-12-31
A729,VOTUPORANGA,-20.40333333,-49.96611111,510.37,2019-01-01,2022-09-29
A730,CHAPADAO DO SUL,-18.80222222,-52.6025,820.82,2019-01-01,2025-12-31
A731,MARACAJU,-21.60916666,-55.17749999,388.94,2019-01-01,2025-12-31
A732,SAO GABRIEL DO OESTE,-19.42027777,-54.55305555,646.0,2019-01-01,2025-12-31
A733,JALES,-20.165,-50.59499999,460.44,2019-01-01,2025-12-31
A734,VALPARAISO,-21.31916666,-50.93027777,381.9,2019-01-01,2025-12-31
A735,JOSE BONIFACIO,-21.08555555,-49.92027777,408.35,2019-01-01,2025-12-31
A736,ARIRANHA,-21.13305554,-48.84055555,525.44,2019-01-01,2025-12-31
A737,IBITINGA,-21.85555555,-48.79972221,496.75,2019-01-01,2025-12-31
A738,CASA BRANCA,-21.78055554,-47.07527777,734.15,2019-01-01,2025-12-31
A739,ITAPIRA,-22.415,-46.80527777,634.89,2019-01-01,2025-12-31
A740,SAO LUIZ DO PARAITINGA,-23.22833332,-45.41694443,874.0,2019-01-01,2025-12-31
A741,BARRA BONITA,-22.4711111,-48.5575,533.68,2019-01-01,2025-12-31
A742,CASSILANDIA,-19.12249999,-51.72083332,494.72,2019-01-01,2025-12-31
A743,RIO BRILHANTE,-21.77499999,-54.52805554,324.31,2019-01-01,2025-12-31
A744,BRAGANCA PAULISTA,-22.94916666,-46.5261111,891.0,2019-01-01,2025-12-31
A746,BARRA DO TURVO,-24.96277777,-48.41638888,659.89,2019-01-01,2025-12-31
A747,PRADOPOLIS,-21.33833333,-48.11388888,544.0,2019-01-01,2025-12-31
A748,BARRETOS,-20.55916666,-48.54499999,534.36,2019-01-01,2025-12-31
A749,JUTI,-22.85722222,-54.60555555,375.18,2019-01-01,2025-12-31
A750,AMAMBAI,-23.0025,-55.32944443,433.59,2019-01-01,2025-12-31
A751,SETE QUEDAS,-23.96694443,-55.02416666,398.4,2019-01-01,2025-12-31
A752,ITAQUIRAI,-23.44944444,-54.18194443,337.82,2019-01-01,2025-12-31
A753,ITUVERAVA,-20.35972222,-47.77527777,610.58,2019-01-01,2025-12-31
A754,SIDROLANDIA,-20.98166666,-54.97194443,471.43,2019-01-01,2025-12-31
A755,BARUERI,-23.52388888,-46.86944443,776.5,2019-01-01,2025-12-31
A756,AGUA CLARA,-20.44444444,-52.87583332,323.63,2019-01-01,2025-12-31
A757,BELA VISTA,-22.10166666,-56.54083333,206.09,2019-01-01,2023-02-09
A758,JARDIM,-21.4786111,-56.13777777,252.47,2019-01-01,2025-12-31
A759,BATAGUASSU,-21.75,-52.47138888,392.13,2019-01-01,2025-12-31
A760,COSTA RICA,-18.49277777,-53.17138888,727.34,2019-01-01,2025-12-31
A761,SONORA,-17.63527777,-54.76055555,495.25,2019-01-01,2025-12-31
A762,DRACENA,-21.45777777,-51.55222222,383.0,2019-01-01,2025-12-31
A763,MARILIA,-22.23527777,-49.965,660.0,2019-01-01,2025-12-31
A764,BEBEDOURO,-20.94805555,-48.47138888,542.0,2019-01-01,2025-12-31
A765,BERTIOGA,-23.84472221,-46.14333333,5.0,2019-01-01,2025-12-31
A766,REGISTRO,-24.53305554,-47.86416666,35.0,2019-01-01,2025-12-31
A767,SAO SEBASTIAO,-23.81083333,-45.4025,24.0,2019-01-01,2022-03-15
A768,TUPA,-21.92722221,-50.49027777,498.0,2019-01-01,2025-12-31
A769,CACHOEIRA PAULISTA,-22.68888888,-45.00555555,586.0,2019-01-01,2025-12-31
A770,SAO SIMAO,-21.46111111,-47.57944443,620.0,2019-07-02,2025-12-31
A771,SAO PAULO - INTERLAGOS,-23.72444443,-46.67749999,771.0,2019-01-01,2025-12-31
A801,PORTO ALEGRE - JARDIM BOTANICO,-30.05361111,-51.17472221,41.18,2019-01-01,2025-12-31
A802,RIO GRANDE,-32.07888888,-52.16777777,4.92,2019-01-01,2025-12-31
A803,SANTA MARIA,-29.72499999,-53.72055554,105.0,2019-01-01,2025-12-31
A804,SANTANA DO LIVRAMENTO,-30.75055555,-55.40138888,196.0,2019-01-01,2025-12-31
A805,SANTO AUGUSTO,-27.85444444,-53.7911111,489.67,2019-01-01,2025-12-31
A806,FLORIANOPOLIS,-27.6025,-48.61999999,4.87,2019-01-01,2025-12-31
A807,CURITIBA,-25.4486111,-49.23055554,922.91,2019-01-01,2025-12-31
A808,TORRES,-29.35027777,-49.73333333,8.44,2019-01-01,2024-10-09
A809,URUGUAIANA,-29.83999999,-57.08194443,74.29,2019-01-01,2025-12-31
A810,SANTA ROSA,-27.89055555,-54.47999999,272.84,2019-01-01,2025-12-31
A811,CANGUCU,-31.40333333,-52.70083333,446.81,2019-01-01,2025-12-31
A812,CACAPAVA DO SUL,-30.54527777,-53.46694443,420.82,2019-01-01,2025-12-31
A813,RIO PARDO,-29.87222221,-52.38194443,106.99,2019-01-01,2025-12-31
A814,URUSSANGA,-28.53249999,-49.31527777,40.56,2019-01-01,2025-12-31
A815,SAO JOAQUIM,-28.27555554,-49.93472221,1400.06,2019-01-01,2025-12-31
A816,NOVO HORIZONTE,-26.40638888,-52.85027777,943.57,2019-01-01,2025-12-31
A817,INDAIAL,-26.91361111,-49.26805554,72.24,2019-01-01,2025-12-31
A818,IVAI,-25.01083333,-50.85388888,803.58,2019-01-01,2025-12-31
A819,CASTRO,-24.77999999,-50.04638888,1016.0,2019-01-01,2025-12-31
A820,MAL. CANDIDO RONDON,-24.53333333,-54.01916666,392.07,2019-01-01,2025-12-31
A821,JOAQUIM TAVORA,-23.50527777,-49.94638888,512.67,2019-01-01,2025-12-31
A822,NOVA TEBAS,-24.43388888,-51.95388888,660.0,2019-01-01,2025-12-31
A823,INACIO MARTINS,-25.56777777,-51.07805554,1208.85,2019-01-01,2025-12-31
A824,ICARAIMA,-23.39027777,-53.63583333,381.29,2019-01-01,2025-12-31
A825,GOIOERE,-24.18388888,-53.04888888,481.0,2019-01-01,2025-12-31
A826,ALEGRETE,-29.70916666,-55.52555554,121.0,2019-01-01,2025-12-31
A827,BAGE,-31.34777777,-54.01333333,226.19,2019-01-01,2025-12-31
A828,ERECHIM,-27.65777777,-52.30583333,777.08,2019-01-01,2025-12-31
A829,SAO JOSE DOS AUSENTES,-28.7486111,-50.05777777,1228.59,2019-01-01,2025-12-31
A830,SAO BORJA,-28.65,-56.01638888,79.0,2019-01-01,2025-12-31
A831,QUARAI,-30.3686111,-56.43722221,103.0,2019-01-01,2025-12-31
A832,SAO GABRIEL,-30.34138888,-54.31083333,114.89,2019-01-01,2025-12-31
A833,SANTIAGO,-29.19166666,-54.88555555,390.03,2019-01-01,2025-12-31
A834,TRAMANDAI,-30.01027777,-50.13583333,4.56,2019-01-01,2025-12-31
A835,MARINGA,-23.40527777,-51.93277777,548.51,2019-01-01,2025-12-31
A836,JAGUARAO,-32.53472221,-53.37583332,31.48,2019-01-01,2025-12-31
A837,SOLEDADE,-28.85916666,-52.54249999,660.44,2019-01-01,2025-12-31
A838,CAMAQUA,-30.80805555,-51.83416666,92.3,2019-01-01,2025-12-31
A839,PASSO FUNDO,-28.22666666,-52.40361111,680.67,2019-01-01,2025-12-31
A840,BENTO GONCALVES,-29.16444444,-51.53416666,639.0,2019-01-01,2025-12-31
A841,JOACABA,-27.16916666,-51.55888888,767.63,2019-01-01,2025-12-31
A842,NOVA FATIMA,-23.41527777,-50.57777777,664.31,2019-01-01,2025-12-31
A843,DOIS VIZINHOS,-25.69916666,-53.09527777,545.95,2019-01-01,2025-12-31
A844,LAGOA VERMELHA,-28.22249999,-51.51277777,833.83,2019-01-01,2025-12-31
A845,BOM JARDIM DA SERRA - MORRO DA IGREJA,-28.12694443,-49.47972221,1790.38,2019-01-01,2025-12-31
A846,FOZ DO IGUACU,-25.60194444,-54.48305554,235.09,2019-01-01,2025-12-31
A848,DIONISIO CERQUEIRA,-26.286562,-53.633114,807.54,2019-01-01,2025-12-31
A849,DIAMANTE DO NORTE,-22.63944444,-52.89027777,368.22,2019-01-01,2025-12-31
A850,PARANAPOEMA,-22.65833333,-52.13444444,308.7,2019-01-01,2025-12-31
A851,ITAPOA,-26.08138888,-48.64166666,6.18,2019-01-01,2025-12-31
A852,SAO LUIZ GONZAGA,-28.41722221,-54.9625,245.5,2019-01-01,2025-12-31
A853,CRUZ ALTA,-28.60333333,-53.6736111,426.69,2019-01-01,2025-12-31
A854,FREDERICO WESTPHALEN,-27.39555555,-53.42944443,489.42,2019-01-01,2025-12-31
A855,PLANALTO,-25.72194443,-53.74805555,399.1,2019-01-01,2025-12-31
A856,PALMEIRA DAS MISSOES,-27.92027777,-53.31805554,614.11,2019-01-01,2025-12-31
A857,SAO MIGUEL DO OESTE,-26.78638888,-53.51416666,647.0,2019-01-01,2025-12-31
A858,XANXERE,-26.9386111,-52.39805555,878.74,2019-01-01,2025-12-31
A859,CACADOR,-26.81916666,-50.98555555,944.26,2019-01-01,2025-12-31
A860,CURITIBANOS,-27.2886111,-50.60416666,978.1,2019-01-01,2025-12-31
A861,RIO DO CAMPO,-26.93749999,-50.14555555,591.67,2019-01-01,2025-12-31
A862,RIO NEGRINHO,-26.2486111,-49.57416666,856.0,2019-01-01,2025-12-31
A863,ITUPORANGA,-27.41833332,-49.64694444,479.79,2019-01-01,2025-12-31
A864,MAJOR VIEIRA,-26.3936111,-50.36333333,799.58,2019-01-01,2025-12-31
A865,LAGES,-27.80222222,-50.33555555,952.7,2019-01-01,2025-12-31
A866,Laguna  - Farol de Santa Marta,-28.60444444,-48.81333333,34.36,2019-01-01,2025-12-31
A867,ARARANGUA,-28.931353,-49.49792,2.0,2019-01-01,2025-12-31
A868,ITAJAI,-26.95083333,-48.76194444,9.76,2019-01-01,2025-12-31
A869,CIDADE GAUCHA,-23.35916666,-52.93194443,365.79,2019-01-01,2025-12-31
A870,RANCHO QUEIMADO,-27.6786111,-49.04194444,881.0,2019-01-01,2025-12-31
A871,JAPIRA,-23.77333332,-50.18055554,692.88,2019-01-01,2025-12-31
A872,VENTANIA,-24.28027777,-50.21027777,1093.41,2019-01-01,2025-12-31
A873,MORRETES,-25.50888888,-48.80861111,50.31,2019-01-01,2025-12-31
A874,SAO MATEUS DO SUL,-25.83555555,-50.36888888,780.21,2019-01-01,2025-12-31
A875,GENERAL CARNEIRO,-26.3986111,-51.35361111,1009.01,2019-01-01,2025-12-31
A876,CLEVELANDIA,-26.41722221,-52.3486111,966.06,2019-01-01,2025-12-31
A878,TAVARES - FAROL DE MOSTARDAS,-31.24833333,-50.90638888,3.82,2019-01-01,2025-12-31
A879,CANELA,-29.36888888,-50.82722221,830.93,2019-01-01,2025-12-31
A880,VACARIA,-28.51361111,-50.88277777,969.89,2019-01-01,2025-12-31
A881,DOM PEDRITO,-31.0025,-54.61805554,150.0,2019-01-01,2025-12-31
A882,TEUTONIA,-29.44916666,-51.82333332,81.0,2019-01-01,2025-12-31
A883,IBIRUBA,-28.65333333,-53.11194444,455.27,2019-01-01,2025-12-31
A884,CAMPO BOM,-29.67416666,-51.06416666,23.35,2019-01-01,2025-12-31
A886,TUPANCIRETA,-29.08944444,-53.82666666,462.0,2019-01-01,2025-12-31
A887,CAPAO DO LEAO (PELOTAS),-31.8025,-52.40722222,13.0,2019-07-17,2025-12-31
A889,SAO VICENTE DO SUL,-29.70222222,-54.69444444,134.0,2019-01-01,2025-12-31
A893,ENCRUZILHADA DO SUL,-30.54305555,-52.52472221,427.75,2019-01-01,2025-12-31
A894,SERAFINA CORREA,-28.70472222,-51.87083332,485.29,2019-01-01,2025-12-31
A895,CHAPECO,-27.08527777,-52.63583333,679.0,2019-02-18,2025-12-31
A897,CAMBARA DO SUL,-29.04916666,-50.14972221,1017.0,2019-01-01,2025-12-31
A898,CAMPOS NOVOS,-27.3886111,-51.21583333,963.0,2019-02-14,2025-12-31
A899,SANTA VITORIA DO PALMAR - BARRA DO CHUI,-33.74222221,-53.37222221,7.41,2019-01-01,2025-12-31
A901,CUIABA,-15.60694444,-56.06083333,184.0,2019-01-01,2025-12-31
A902,TANGARA DA SERRA,-14.65,-57.43166666,440.01,2019-01-01,2025-12-31
A903,S.J. DO RIO CLARO,-13.45388888,-56.67722221,339.59,2019-01-01,2025-12-31
A904,SORRISO,-12.555,-55.72277777,379.31,2019-01-01,2025-12-31
A905,CAMPO NOVO DOS PARECIS,-13.78583333,-57.8386111,525.41,2019-01-01,2025-12-31
A906,GUARANTA DO NORTE,-9.9525,-54.89777777,283.58,2019-01-01,2025-12-31
A907,RONDONOPOLIS,-16.4625,-54.58027777,289.88,2019-01-01,2025-12-31
A908,AGUA BOA,-14.01638888,-52.21166666,440.0,2019-01-01,2025-12-31
A909,ALTO ARAGUAIA,-17.33944444,-53.22444443,753.28,2019-01-01,2025-12-31
A910,APIACAS,-9.56333333,-57.3936111,217.75,2019-01-01,2025-12-31
A911,SAPEZAL,-13.30388888,-58.76333333,105.0,2019-01-01,2025-12-31
A912,CAMPO VERDE,-15.55888888,-55.17944443,747.0,2019-01-01,2025-12-31
A913,COMODORO,-13.70805555,-59.7625,576.87,2019-01-01,2025-12-31
A914,JUARA,-11.28027777,-57.52666666,263.43,2019-01-01,2025-12-31
A915,PARANATINGA,-14.42138888,-54.0361111,476.91,2019-01-01,2025-12-31
A916,QUERENCIA,-12.60305555,-52.1625,355.0,2019-01-01,2025-12-31
A917,SINOP,-11.98222221,-55.56611111,366.57,2019-01-01,2025-12-31
A919,COTRIGUACU,-9.90638888,-58.57222221,265.0,2019-01-01,2025-12-31
A920,JUINA,-11.37499999,-58.77472221,365.39,2019-01-01,2025-12-31
A921,SAO FELIX  DO ARAGUAIA,-11.61888888,-50.72777777,201.37,2019-01-01,2023-02-17
A922,VILA BELA DA SANTISSIMA TRINDADE,-15.06277777,-59.87305554,213.0,2019-01-01,2025-12-31
A923,PRIMAVERA DO LESTE,-15.57999999,-54.3811111,680.0,2019-01-01,2025-12-31
A924,ALTA FLORESTA,-10.07722221,-56.17916666,291.85,2019-01-01,2025-12-31
A925,PORTO VELHO,-8.7936111,-63.84583333,86.7,2019-01-01,2025-12-31
A926,CARLINDA,-9.97055554,-55.82749999,293.71,2019-01-01,2025-12-31
A927,BRASNORTE (NOVO MUNDO),-12.52194443,-58.23138888,426.2,2019-01-01,2025-12-31
A928,NOVA MARINGA,-13.0386111,-57.09222221,334.36,2019-01-01,2025-12-31
A929,NOVA UBIRATA,-13.41111111,-54.75222222,466.48,2019-01-01,2025-12-31
A930,GAUCHA DO NORTE,-13.18472221,-53.2575,375.87,2019-01-01,2025-12-31
A931,SANTO ANTONIO DO LESTE,-14.92499999,-53.88444444,662.0,2019-01-01,2025-12-31
A932,GUIRATINGA,-16.34166666,-53.76611111,525.43,2019-01-01,2025-12-31
A933,ITIQUIRA,-17.17499999,-54.50166666,593.12,2019-01-01,2025-12-31
A934,ALTO TAQUARI,-17.8411111,-53.28944444,862.42,2019-01-01,2025-12-31
A935,PORTO ESTRELA,-15.32472221,-57.22583332,147.75,2019-01-01,2025-12-31
A936,SALTO DO CEU,-15.12472221,-58.12722221,300.83,2019-01-01,2025-12-31
A937,PONTES E LACERDA,-15.32527777,-59.2336111,272.53,2019-01-01,2025-12-31
A938,VILHENA,-12.73499999,-60.15777777,583.3,2019-01-01,2025-12-31
A939,CACOAL,-11.44583333,-61.43416666,183.53,2019-01-01,2025-12-31
A940,ARIQUEMES,-9.94888888,-62.96194444,128.44,2019-01-01,2025-12-31
A941,CACERES,-16.07472221,-57.69305555,123.53,2019-01-01,2021-01-07
A942,SAO JOSE DO XINGU,-10.48416666,-52.37249999,300.0,2019-02-18,2025-12-31
A943,SERRA NOVA DOURADA,-11.98777777,-51.4261111,441.0,2019-03-28,2025-12-31
A944,ROSARIO OESTE,-14.82888888,-56.44194444,195.0,2019-05-29,2025-12-31
B803,CAMPINA DA LAGOA,-24.57083332,-52.80027777,598.0,2019-01-01,2025-12-31
B804,LARANJEIRAS DO SUL,-25.37138888,-52.40083333,889.0,2019-01-01,2025-12-31
B806,COLOMBO,-25.322464,-49.157733,950.0,2019-01-01,2025-12-31
B807,PORTO ALEGRE- BELEM NOVO,-30.1861111,-51.17805554,3.3,2022-12-07,2025-10-19
F501,BELO HORIZONTE - CERCADINHO,-19.97999999,-43.95861111,1199.55,2019-01-01,2025-12-31
